Unidad,Litros,Gasto Combustible,Costo por litro,Kms Totales,Gasto Mantenimiento,CPK,Total Peajes,Eficiencia (km/l),TipoUnidad,Ruta Frecuente,Ruta
1628,1412981.28,27777789.707184,19.676172374999982,216688,15853.28,128.26572300812228,0.0,0.15335518103962426,Poca actividad,"TULTITLAN,EM → TULTITLAN,EM","TULTITLAN,EM → TULTITLAN,EM"
1630,288.0,5579.34912,19.37274,96,0.0,58.11822,0.0,0.3333333333333333,Poca actividad,"TULTITLAN,EM → TULTITLAN,EM","TULTITLAN,EM → TULTITLAN,EM"
1633,6995.17,134912.570052,19.286532,1060,0.0,127.27600948301887,0.0,0.15153312928777998,Poca actividad,"TULTITLAN,EM → CUAUTITLAN,EM/","TULTITLAN,EM → CUAUTITLAN,EM/"
1635,458.0,8872.71492,19.37274,36,0.0,246.46430333333333,0.0,0.07860262008733625,Poca actividad,"TULTITLAN,EM → CUAUTITLAN,EM/","TULTITLAN,EM → CUAUTITLAN,EM/"
1639,1322791.05,25969402.656039,19.656380615384602,147277,16115.91,176.43976022080162,0.0,0.11133806809473046,Poca actividad,"TULTITLAN,EM → TULTITLAN,EM","TULTITLAN,EM → TULTITLAN,EM"
1640,549960.45,10775576.593335,19.606576799999978,89040,0.0,121.01950351903639,0.0,0.161902551356193,Poca actividad,"TULTITLAN,EM → TULTITLAN,EM","TULTITLAN,EM → TULTITLAN,EM"
1641,554997.12,10869474.3296028,19.663893222222224,80316,19003.97,135.57047536733404,0.0,0.1447142644632102,Poca actividad,"TULTITLAN,EM → TULTITLAN,EM","TULTITLAN,EM → TULTITLAN,EM"
1649,1159789.86,22647880.411248,19.535417374999987,111056,15804.16,204.0743820347212,0.0,0.0957552775983056,Poca actividad,"TULTITLAN,EM → CUAUTITLAN,EM/","TULTITLAN,EM → CUAUTITLAN,EM/"
1665,111846.62,2187338.723235,19.583852200000003,125560,14974.38,17.539925957589997,0.0,1.1226088012315438,Poca actividad,"QUERETARO,QA → QUERETARO,QA","QUERETARO,QA → QUERETARO,QA"
1670,5152.0,99726.82405,19.621886999999997,1790,61288.51,89.95270058659219,0.0,0.34743788819875776,Poca actividad,"MONTERREY,NX → MONTERREY,NX","MONTERREY,NX → MONTERREY,NX"
1682,405230.7,10024899.156426,24.166650833333332,65592,67512.43,153.86650180549455,0.0,0.1618633533935114,Poca actividad,"TUXTLA GUTIERREZ,CH → TUXTLA GUTIERREZ,CH","TUXTLA GUTIERREZ,CH → TUXTLA GUTIERREZ,CH"
1683,3868721.82,75845247.727753,19.614447921874994,2154496,168415.58,35.28141305797411,0.0,0.5569012454868104,Actividad media,"TEPOTZOTLAN,EM → TEPOTZOTLAN,EM","TEPOTZOTLAN,EM → TEPOTZOTLAN,EM"
1685,1193145.3599999999,23376275.546205,19.591221707317068,786298,213741.21,30.001369399648734,0.0,0.6590127459406958,Poca actividad,"TEPOTZOTLAN,EM → TEPOTZOTLAN,EM","TEPOTZOTLAN,EM → TEPOTZOTLAN,EM"
1688,5034698.37,98465968.065699,19.588723507042253,2781354,113067.64,35.44282234684941,0.0,0.5524370668505411,Actividad media,"TEPOTZOTLAN,EM → TEPOTZOTLAN,EM","TEPOTZOTLAN,EM → TEPOTZOTLAN,EM"
1689,6023480.9,118012584.626742,19.60825055,3411120,118314.97,34.631118106880436,0.0,0.5663037795969437,Actividad media,"TEPOTZOTLAN,EM → TEPOTZOTLAN,EM","TEPOTZOTLAN,EM → TEPOTZOTLAN,EM"
1693,643066.02,12550926.351375,19.525013333333316,112212,0.0,111.8501261128489,0.0,0.17449530298615373,Poca actividad,"TULTITLAN,EM → CUAUTITLAN,EM/","TULTITLAN,EM → CUAUTITLAN,EM/"
1695,1380683.9,27172170.45821,19.723293279069765,780880,102315.41,34.927883757056144,0.0,0.565574785075715,Poca actividad,"TEPOTZOTLAN,EM → TEPOTZOTLAN,EM","TEPOTZOTLAN,EM → TEPOTZOTLAN,EM"
1697,3436043.4899999998,67188345.331635,19.587639934782604,1511008,199592.03,44.598001705904274,0.0,0.4397522919594944,Actividad media,"TEPOTZOTLAN,EM → TEPOTZOTLAN,EM","TEPOTZOTLAN,EM → TEPOTZOTLAN,EM"
1698,4543.32,87904.83045119999,19.33955225,7712,0.0,11.398447931950207,0.0,1.6974371164698945,Poca actividad,"APASEO EL ALTO,GJ → TEXAS CITY,TX","APASEO EL ALTO,GJ → TEXAS CITY,TX"
1701,1985257.54,42328255.853042,21.513116828124996,3186752,83341.03,13.308722135591976,0.0,1.6052083600196274,Actividad media,"VILLAHERMOSA,TA → TUXTLA GUTIERREZ,CH","VILLAHERMOSA,TA → TUXTLA GUTIERREZ,CH"
1704,3778258.58,74111969.407722,19.601775014285717,2365790,57536.579999999994,31.350840940118097,0.0,0.6261588374398662,Actividad media,"TEPOTZOTLAN,EM → TEPOTZOTLAN,EM","TEPOTZOTLAN,EM → TEPOTZOTLAN,EM"
1705,2250332.63,46492253.343991,20.721643354838708,2980898,99699.58,15.630173499392127,0.0,1.3246477255231375,Actividad media,"VILLAHERMOSA,TA → TUXTLA GUTIERREZ,CH","VILLAHERMOSA,TA → TUXTLA GUTIERREZ,CH"
1711,248963.12,5142891.882212,20.524472833333334,217404,100.0,23.65638112551747,0.0,0.8732377711204776,Poca actividad,"TECAMAC,EM → IZTAPALAPA,DF","TECAMAC,EM → IZTAPALAPA,DF"
1712,298156.48,6224532.190144,21.128840444444446,601722,62280.33,10.448035006438188,0.0,2.0181416147655087,Poca actividad,"TLALNEPANTLA,EM/ → APASEO EL ALTO,GJ","TLALNEPANTLA,EM/ → APASEO EL ALTO,GJ"
1714,305390.88,7799988.0983,25.760429416666668,72456,110553.09,109.17717219139891,0.0,0.23725659391007353,Poca actividad,"TUXTLA GUTIERREZ,CH → TUXTLA GUTIERREZ,CH","TUXTLA GUTIERREZ,CH → TUXTLA GUTIERREZ,CH"
1715,2423234.24,50513259.2301092,20.9816204375,3219392,78154.64,15.714586440579215,0.0,1.3285517127721007,Actividad media,"VILLAHERMOSA,TA → TUXTLA GUTIERREZ,CH","VILLAHERMOSA,TA → TUXTLA GUTIERREZ,CH"
1716,494024.52,12430491.13278,25.193795,136476,68731.72,91.58550113411883,0.0,0.2762534944621777,Poca actividad,"TUXTLA GUTIERREZ,CH → TUXTLA GUTIERREZ,CH","TUXTLA GUTIERREZ,CH → TUXTLA GUTIERREZ,CH"
1717,473428.8,12232543.236,25.553202727272726,66176,81228.15,186.0760908184236,0.0,0.13978025840422045,Poca actividad,"TUXTLA GUTIERREZ,CH → TUXTLA GUTIERREZ,CH","TUXTLA GUTIERREZ,CH → TUXTLA GUTIERREZ,CH"
1718,435892.38,8534280.377623,19.677184750000002,207744,62339.88,41.38083534361041,0.0,0.4765947044084597,Poca actividad,"TULTITLAN,EM → CUAUTITLAN,EM/","TULTITLAN,EM → CUAUTITLAN,EM/"
1719,633322.88,16338196.91392,25.606258461538463,96928,31037.99,168.88035349867943,0.0,0.15304673660297888,Poca actividad,"TUXTLA GUTIERREZ,CH → TUXTLA GUTIERREZ,CH","TUXTLA GUTIERREZ,CH → TUXTLA GUTIERREZ,CH"
1720,995084.9400000001,19542992.638893,19.63859276315789,568214,130297.44999999998,34.62302950806034,0.0,0.5710206005127562,Poca actividad,"TEPOTZOTLAN,EM → TEPOTZOTLAN,EM","TEPOTZOTLAN,EM → TEPOTZOTLAN,EM"
1721,1510593.75,30307455.484275,20.066660102040814,1962744,199050.35,15.542783895543687,0.0,1.2993195556383044,Actividad media,"VILLAHERMOSA,TA → TUXTLA GUTIERREZ,CH","VILLAHERMOSA,TA → TUXTLA GUTIERREZ,CH"
1722,1249359.92,25171650.88166,20.26475536363636,1506428,228884.34,16.86143328566649,0.0,1.2057598261996432,Actividad media,"VILLAHERMOSA,TA → TUXTLA GUTIERREZ,CH","VILLAHERMOSA,TA → TUXTLA GUTIERREZ,CH"
1723,957257.73,24352323.102679,25.324171238095236,242088,43076.049999999996,100.77079059135107,0.0,0.2528974093528605,Poca actividad,"TUXTLA GUTIERREZ,CH → TUXTLA GUTIERREZ,CH","TUXTLA GUTIERREZ,CH → TUXTLA GUTIERREZ,CH"
1724,12283311.76,241208905.888128,19.605737576923076,2433392,105742.64,99.16801260468021,0.0,0.19810553110963294,Actividad media,"TULTITLAN,EM → TULTITLAN,EM","TULTITLAN,EM → TULTITLAN,EM"
1725,1027848.78,26260423.924392,25.53962265,266980,159878.72999999998,98.95985712185183,0.0,0.2597463802019593,Poca actividad,"TUXTLA GUTIERREZ,CH → TUXTLA GUTIERREZ,CH","TUXTLA GUTIERREZ,CH → TUXTLA GUTIERREZ,CH"
1726,635055.2,16611577.632000001,26.16916666666667,94716,16840.22,175.5608118163774,0.0,0.14914608997769013,Poca actividad,"TUXTLA GUTIERREZ,CH → TUXTLA GUTIERREZ,CH/Mex","TUXTLA GUTIERREZ,CH → TUXTLA GUTIERREZ,CH/Mex"
1727,10527681.12,206179295.111088,19.596212810810812,1667146,28016.79,123.68881423767805,0.0,0.15835832991111723,Actividad media,"TULTITLAN,EM → JILOTEPEC,EM","TULTITLAN,EM → JILOTEPEC,EM"
1728,2752648.47,55212060.278466,20.061435983606557,2996015,115157.18,18.466936066229977,0.0,1.0884117723902462,Actividad media,"VILLAHERMOSA,TA → TUXTLA GUTIERREZ,CH","VILLAHERMOSA,TA → TUXTLA GUTIERREZ,CH"
1729,2114274.7,43761819.39629,20.706025476190476,3114153,153571.46,14.10187324010413,0.0,1.4729178758086636,Actividad media,"VILLAHERMOSA,TA → TUXTLA GUTIERREZ,CH","VILLAHERMOSA,TA → TUXTLA GUTIERREZ,CH"
1730,1988472.24,40904179.953813,20.73671475,2874600,130061.11,14.274765554794755,0.0,1.445632451977303,Actividad media,"VILLAHERMOSA,TA → TUXTLA GUTIERREZ,CH","VILLAHERMOSA,TA → TUXTLA GUTIERREZ,CH"
1731,3780072.4,73958114.68621,19.540156909090907,1985610,90579.84999999999,37.29266801446911,0.0,0.5252835898063751,Actividad media,"TEPOTZOTLAN,EM → TEPOTZOTLAN,EM","TEPOTZOTLAN,EM → TEPOTZOTLAN,EM"
1732,19408.83,382080.1985,19.622725,6008,58551.37,73.34080700732356,0.0,0.30954982860893726,Poca actividad,"TECAMAC,EM → GUSTAVO A. MADERO,DF","TECAMAC,EM → GUSTAVO A. MADERO,DF"
1733,11753038.35,231020468.711885,19.623835749999998,1818600,65727.72,127.06818235559497,0.0,0.1547344563884623,Actividad media,"TULTITLAN,EM → JILOTEPEC,EM","TULTITLAN,EM → JILOTEPEC,EM"
1734,3780.8199999999997,74016.46673,19.5658436,5315,65228.4,26.198469751646286,0.0,1.4057796985839053,Poca actividad,"MONTERREY,NX → IZTAPALAPA,DF","MONTERREY,NX → IZTAPALAPA,DF"
1735,3437922.84,67038707.413047,19.524493200000002,2134320,106119.93,31.45958775771534,0.0,0.6208167254853224,Actividad media,"TEPOTZOTLAN,EM → TEPOTZOTLAN,EM","TEPOTZOTLAN,EM → TEPOTZOTLAN,EM"
1736,435508.56,8877161.015676,20.320231687499998,701440,424939.31999999995,13.261434100815464,0.0,1.6106227625009253,Poca actividad,"VILLAHERMOSA,TA → TUXTLA GUTIERREZ,CH","VILLAHERMOSA,TA → TUXTLA GUTIERREZ,CH"
1737,758350.4500000001,19394052.277599998,25.273185714285717,123928,47232.850000000006,156.87564656574784,0.0,0.16341784988721242,Poca actividad,"TUXTLA GUTIERREZ,CH → TUXTLA GUTIERREZ,CH","TUXTLA GUTIERREZ,CH → TUXTLA GUTIERREZ,CH"
1738,2537678.97,57914607.568688996,23.018361032967032,5212480,160637.78,11.141576629299104,0.0,2.054034439194647,Alta actividad,"VILLAHERMOSA,TA → TUXTLA GUTIERREZ,CH","VILLAHERMOSA,TA → TUXTLA GUTIERREZ,CH"
1739,783830.4199999999,20500580.4848,26.132307692307695,105690,75480.09,194.68313534676884,0.0,0.13483783903155994,Poca actividad,"TUXTLA GUTIERREZ,CH → TUXTLA GUTIERREZ,CH","TUXTLA GUTIERREZ,CH → TUXTLA GUTIERREZ,CH"
1740,369525.39,7310963.5743105,19.76140167741936,670468,105914.83,11.062240709937686,0.0,1.8144030644281304,Poca actividad,"QUERETARO,QA → QUERETARO,QA","QUERETARO,QA → QUERETARO,QA"
1741,1109900.34,23233266.54855,21.065504359374998,4236416,93369.06,5.506219315702235,0.0,3.8169336897401074,Alta actividad,"TULTITLAN,EM → TUXTLA GUTIERREZ,CH/Mex","TULTITLAN,EM → TUXTLA GUTIERREZ,CH/Mex"
1742,882611.2,23067956.6848,26.11375,164128,76900.42,141.01711532949892,0.0,0.1859573048699133,Poca actividad,"TUXTLA GUTIERREZ,CH → TUXTLA GUTIERREZ,CH","TUXTLA GUTIERREZ,CH → TUXTLA GUTIERREZ,CH"
1743,815918.17,16080197.151213,19.75587164285713,141428,62596.869999999995,114.1414290042495,0.0,0.17333600990893486,Poca actividad,"TULTITLAN,EM → TULTITLAN,EM","TULTITLAN,EM → TULTITLAN,EM"
1745,736825.77,14352727.275630001,19.468692666666666,618870,93934.65,23.343613239662613,0.0,0.8399136202850234,Poca actividad,"APODACA,NX → TEPOTZOTLAN,EM","APODACA,NX → TEPOTZOTLAN,EM"
1746,2330852.2,48654339.265378,20.841200377049176,3003152,123549.04,16.242230931160993,0.0,1.2884351912146124,Actividad media,"VILLAHERMOSA,TA → TUXTLA GUTIERREZ,CH","VILLAHERMOSA,TA → TUXTLA GUTIERREZ,CH"
1748,9091012.69,178656583.253035,19.831928653061208,2033010,57365.56,87.90608448213979,0.0,0.2236285515513894,Actividad media,"TULTITLAN,EM → JILOTEPEC,EM","TULTITLAN,EM → JILOTEPEC,EM"
1749,188836.0,3662280.47916,19.407291666666715,27828,61878.33,133.82775654592498,0.0,0.14736596835349192,Poca actividad,"TULTITLAN,EM → JILOTEPEC,EM","TULTITLAN,EM → JILOTEPEC,EM"
1750,83611.4,1624356.599818,19.4530547142857,137200,90332.22000000002,12.49773192287172,0.0,1.640924562918454,Poca actividad,"TULTITLAN,EM → CARMEN,NX","TULTITLAN,EM → CARMEN,NX"
1751,9365846.1,184250340.10221002,19.68444132352941,1164330,92178.34999999999,158.32497526664264,0.0,0.12431658470236875,Actividad media,"TULTITLAN,EM → CUAUTITLAN,EM/","TULTITLAN,EM → CUAUTITLAN,EM/"
1752,20057740.62,393427926.476439,19.60499997999999,2613450,42203.159999999996,150.55582836344257,0.0,0.13029633045479078,Actividad media,"TULTITLAN,EM → CUAUTITLAN,EM/","TULTITLAN,EM → CUAUTITLAN,EM/"
1753,1604049.9,32091326.783618,20.0029727755102,1885716,266057.85,17.1592035246124,0.0,1.1755968439635203,Actividad media,"VILLAHERMOSA,TA → TUXTLA GUTIERREZ,CH","VILLAHERMOSA,TA → TUXTLA GUTIERREZ,CH"
1754,3850776.16,75489801.6659556,19.589033831325303,2544282,65427.590000000004,29.696090785516546,0.0,0.6607192665283353,Actividad media,"TEPOTZOTLAN,EM → TEPOTZOTLAN,EM","TEPOTZOTLAN,EM → TEPOTZOTLAN,EM"
1755,936075.14,24023288.13346,25.64413615384615,152386,24009.440000000002,157.8051630298059,0.0,0.16279248693646536,Poca actividad,"TUXTLA GUTIERREZ,CH → TUXTLA GUTIERREZ,CH","TUXTLA GUTIERREZ,CH → TUXTLA GUTIERREZ,CH"
1757,4660175.39,91373026.49415,19.61252335294117,2893876,125335.66,31.617927704625213,0.0,0.6209800614392756,Actividad media,"TEPOTZOTLAN,EM → TEPOTZOTLAN,EM","TEPOTZOTLAN,EM → TEPOTZOTLAN,EM"
1758,2292087.21,47648748.476004,20.806881123076924,3247725,83957.44,14.69727452786304,0.0,1.4169290705129847,Actividad media,"VILLAHERMOSA,TA → TUXTLA GUTIERREZ,CH","VILLAHERMOSA,TA → TUXTLA GUTIERREZ,CH"
1759,17542388.8,343675133.998958,19.602427911111114,2346525,140336.6,146.52111978306561,0.0,0.1337631394875936,Actividad media,"TULTITLAN,EM → TULTITLAN,EM","TULTITLAN,EM → TULTITLAN,EM"
1760,381063.24,8564256.461754,22.736875964912286,2328393,44983.48,3.6975029308858085,0.0,6.110253510677126,Actividad media,"TULTITLAN,EM → TULUM,QR","TULTITLAN,EM → TULUM,QR"
1761,2089153.36,45685117.94827,21.87252536231884,3598143,176984.1,12.74604762742059,0.0,1.7222972084730055,Alta actividad,"VILLAHERMOSA,TA → TUXTLA GUTIERREZ,CH","VILLAHERMOSA,TA → TUXTLA GUTIERREZ,CH"
1762,2287410.33,47310042.01746,20.95905259459458,5264212,85346.17,9.003320570573527,0.0,2.3013850776830234,Alta actividad,"TECAMAC,EM → IZTAPALAPA,DF","TECAMAC,EM → IZTAPALAPA,DF"
1763,930135.1799999999,22742766.549087,24.539532944444446,224064,125206.06,102.0600034324434,0.0,0.240894017147056,Poca actividad,"TUXTLA GUTIERREZ,CH → TUXTLA GUTIERREZ,CH/Mex","TUXTLA GUTIERREZ,CH → TUXTLA GUTIERREZ,CH/Mex"
1764,729324.54,14154814.3567824,19.3809285,325840,31291.99,43.53703150866192,0.0,0.44676955474444885,Poca actividad,"PESQUERIA,NX → PESQUERIA,NX","PESQUERIA,NX → PESQUERIA,NX"
1765,881170.9,17666879.9191702,20.230020423076922,2592252,89279.10999999999,6.8497040523723,0.0,2.9418266082095994,Actividad media,"MONTERREY,NX → MONTERREY,NX","MONTERREY,NX → MONTERREY,NX"
1766,72622.99,1377360.2902290002,18.963301650000005,137480,20606.7,10.168511712459996,0.0,1.893064441439274,Poca actividad,"CUAUTITLAN IZCALLI,EM/Mex → LEON,GJ","CUAUTITLAN IZCALLI,EM/Mex → LEON,GJ"
1767,3898611.72,76328098.415016,19.606246830985917,2406403,53753.89,31.74108921282761,0.0,0.6172461308868172,Actividad media,"TEPOTZOTLAN,EM → TEPOTZOTLAN,EM","TEPOTZOTLAN,EM → TEPOTZOTLAN,EM"
1768,2505941.2,53052176.72916,20.694729710144927,3973710,118587.83,13.380635365731269,0.0,1.5857155786416695,Alta actividad,"TEPOTZOTLAN,EM → TEPOTZOTLAN,EM","TEPOTZOTLAN,EM → TEPOTZOTLAN,EM"
1769,707543.0,18111109.8193,24.600396272727274,230670,84503.39,78.88157631811679,0.0,0.326015521318139,Poca actividad,"TUXTLA GUTIERREZ,CH → TUXTLA GUTIERREZ,CH/Mex","TUXTLA GUTIERREZ,CH → TUXTLA GUTIERREZ,CH/Mex"
1770,836624.75,20670303.717251,24.856866611111112,209052,28075.92,99.0106750342068,0.0,0.24987546686850945,Poca actividad,"TUXTLA GUTIERREZ,CH → TUXTLA GUTIERREZ,CH","TUXTLA GUTIERREZ,CH → TUXTLA GUTIERREZ,CH"
1774,1161971.31,23056477.746342,19.94390333333333,1851990,78769.84,12.492101785831457,0.0,1.593834532799265,Actividad media,"TULTITLAN,EM → LA PAZ,BS/","TULTITLAN,EM → LA PAZ,BS/"
1777,16786525.0,329717164.805,19.652848961538446,1378754,196491.56999999998,239.2839160394095,0.0,0.08213456924527263,Actividad media,"TULTITLAN,EM → TULTITLAN,EM","TULTITLAN,EM → TULTITLAN,EM"
1778,6837.360000000001,135547.884666,19.8406744,9490,10795.220000000001,15.420769722444678,0.0,1.3879626054500567,Poca actividad,"TEXAS CITY,TX → APASEO EL ALTO,GJ","TEXAS CITY,TX → APASEO EL ALTO,GJ"
1779,1305859.36,26371048.252432,20.42601984,961225,65180.0,27.5026432442269,0.0,0.7360861586197153,Actividad media,"TEXAS CITY,TX → APASEO EL ALTO,GJ","TEXAS CITY,TX → APASEO EL ALTO,GJ"
1780,4281297.0,83869114.869726,19.579373148648642,2634030,56510.39999999999,31.862061278620974,0.0,0.6152411290316929,Actividad media,"TEPOTZOTLAN,EM → TEPOTZOTLAN,EM","TEPOTZOTLAN,EM → TEPOTZOTLAN,EM"
1782,467001.66,9269321.278076,19.98433711111111,351036,72847.5,26.61313591220274,0.0,0.7516804115856891,Poca actividad,"APASEO EL ALTO,GJ → LA PAZ,BS/","APASEO EL ALTO,GJ → LA PAZ,BS/"
1783,16529975.5,323297842.703,19.54341955555556,1442421,133847.6,224.22835656372172,0.0,0.08726092788219801,Actividad media,"TULTITLAN,EM → JILOTEPEC,EM","TULTITLAN,EM → JILOTEPEC,EM"
1784,187598.1,3883430.581875,21.00782,190554,71724.56,20.75608563386232,0.0,1.0157565561698119,Poca actividad,"QUERETARO,QA → NUEVO LAREDO,TM","QUERETARO,QA → NUEVO LAREDO,TM"
1785,1759524.05,34696637.61161,19.70394720689656,1396466,35583.84,24.871512411766563,0.0,0.7936612176457605,Actividad media,"APASEO EL ALTO,GJ → TEXAS CITY,TX","APASEO EL ALTO,GJ → TEXAS CITY,TX"
1786,1521386.44,30689067.437304,20.78027261111111,1625508,36671.73,18.902238049461463,0.0,1.068438601306319,Actividad media,"TLALNEPANTLA,EM/ → APASEO EL ALTO,GJ","TLALNEPANTLA,EM/ → APASEO EL ALTO,GJ"
1787,387343.5,7837091.218952,20.69934275,527424,68613.02,14.98927663313008,0.0,1.3616441220776907,Poca actividad,"APASEO EL ALTO,GJ → LA PAZ,BS/","APASEO EL ALTO,GJ → LA PAZ,BS/"
1788,11997797.16,234679456.020228,19.56247651282052,1694121,110122.91,138.5907966020302,0.0,0.1412026705742373,Actividad media,"TULTITLAN,EM → TULTITLAN,EM","TULTITLAN,EM → TULTITLAN,EM"
1789,990261.12,19453002.0769344,19.656348270270247,2263660,124340.94,8.64853512317857,0.0,2.2859223231949164,Actividad media,"TULTITLAN,EM → TUXTLA GUTIERREZ,CH/Mex","TULTITLAN,EM → TUXTLA GUTIERREZ,CH/Mex"
1790,3129148.0,64405889.157942295,21.477878375,4753856,111208.8,13.571529713550914,0.0,1.5192173716295938,Alta actividad,"TLALNEPANTLA,EM/ → APASEO EL ALTO,GJ","TLALNEPANTLA,EM/ → APASEO EL ALTO,GJ"
1791,1913552.2,45404007.23572,23.572728580645162,494512,94264.09,92.00640495219531,0.0,0.2584261876942787,Poca actividad,"TUXTLA GUTIERREZ,CH → TUXTLA GUTIERREZ,CH","TUXTLA GUTIERREZ,CH → TUXTLA GUTIERREZ,CH"
1792,324122.59,6609875.278636999,20.83360814285714,241738,58004.81999999999,27.583086228218153,0.0,0.745822745646948,Poca actividad,"TEXAS CITY,TX → APASEO EL ALTO,GJ","TEXAS CITY,TX → APASEO EL ALTO,GJ"
1793,1132317.38,22359156.79398,19.830031648648642,2311797,16464.850000000002,9.678886876304452,0.0,2.0416510784282056,Actividad media,"TULTITLAN,EM → TUXTLA GUTIERREZ,CH/Mex","TULTITLAN,EM → TUXTLA GUTIERREZ,CH/Mex"
1794,2010446.46,39910282.0379406,19.898965135135136,2421465,101480.95,16.523783324533124,0.0,1.2044414254135374,Actividad media,"TLAJOMULCO DE ZUNI,JA → AGUASCALIENTES,AG","TLAJOMULCO DE ZUNI,JA → AGUASCALIENTES,AG"
1795,5562385.2,109683101.10168,19.647436799999998,2122340,141225.3,51.74681078511454,0.0,0.38155214421324146,Actividad media,"TEPOTZOTLAN,EM → TEPOTZOTLAN,EM","TEPOTZOTLAN,EM → TEPOTZOTLAN,EM"
1796,1532814.52,30701756.2155464,20.394909945945948,1945941,114053.0,15.835942207675567,0.0,1.269521507403257,Actividad media,"TLAJOMULCO DE ZUNI,JA → AGUASCALIENTES,AG","TLAJOMULCO DE ZUNI,JA → AGUASCALIENTES,AG"
1797,1023446.25,20179813.671161998,19.86305089583333,3027648,110639.51000000001,6.701721329943903,0.0,2.958287257391387,Actividad media,"TULTITLAN,EM → MERIDA,YC","TULTITLAN,EM → MERIDA,YC"
1798,1597368.76,32397301.4396,20.235781561403506,2596236,104996.78,12.519007601620192,0.0,1.6253203799979161,Actividad media,"VILLAHERMOSA,TA → TUXTLA GUTIERREZ,CH","VILLAHERMOSA,TA → TUXTLA GUTIERREZ,CH"
1799,2198909.44,47549189.445004,21.878441735632183,6489330,103199.8,7.343190937277654,0.0,2.951158370578463,Alta actividad,"APASEO EL ALTO,GJ → APASEO EL ALTO,GJ","APASEO EL ALTO,GJ → APASEO EL ALTO,GJ"
1800,3051112.5,66011658.383925,22.37620467105263,5469872,121496.13000000002,12.090439138964312,0.0,1.7927467440155025,Alta actividad,"TLALNEPANTLA,EM/ → APASEO EL ALTO,GJ","TLALNEPANTLA,EM/ → APASEO EL ALTO,GJ"
1801,2885886.36,61135593.222732,21.703189097222225,5173992,42623.880000000005,11.82418084580185,0.0,1.792860617006416,Alta actividad,"TLALNEPANTLA,EM/ → APASEO EL ALTO,GJ","TLALNEPANTLA,EM/ → APASEO EL ALTO,GJ"
1802,8418808.17,164377680.702939,19.5915110857143,908810,40527.439999999995,180.9159319802148,0.0,0.10794995938243358,Actividad media,"TULTITLAN,EM → TULTITLAN,EM","TULTITLAN,EM → TULTITLAN,EM"
1803,297520.87,6001312.334773,20.26999608695652,446085,45445.09999999999,13.555168711732069,0.0,1.499340197546478,Poca actividad,"TLALNEPANTLA,EM/ → APASEO EL ALTO,GJ","TLALNEPANTLA,EM/ → APASEO EL ALTO,GJ"
1804,721689.12,14690647.000512,20.731751157894738,1307770,32978.1,11.258573832181499,0.0,1.8120960449008847,Actividad media,"APASEO EL ALTO,GJ → APASEO EL ALTO,GJ","APASEO EL ALTO,GJ → APASEO EL ALTO,GJ"
1805,515690.09,10194198.773575101,19.910014333333333,626460,42480.700000000004,16.340515713014558,0.0,1.214799376889325,Poca actividad,"EL MARQUES,QA → NUEVO LAREDO,TM","EL MARQUES,QA → NUEVO LAREDO,TM"
1806,3699260.01,78712805.7625488,22.061487162499997,6980880,177543.98,11.300917612471324,0.0,1.8871017395719638,Alta actividad,"TLALNEPANTLA,EM/ → APASEO EL ALTO,GJ","TLALNEPANTLA,EM/ → APASEO EL ALTO,GJ"
1807,9182030.15,179697220.107,19.534717124999986,813960,144613.56,220.94677093100398,0.0,0.08864706243640465,Actividad media,"TULTITLAN,EM → CUAUTITLAN,EM/","TULTITLAN,EM → CUAUTITLAN,EM/"
1808,3267250.14,69922358.8966364,21.640809629629633,7339086,145733.82,9.547250531828675,0.0,2.2462577658654563,Alta actividad,"TLALNEPANTLA,EM/ → APASEO EL ALTO,GJ","TLALNEPANTLA,EM/ → APASEO EL ALTO,GJ"
1809,933560.43,18449646.728172,20.29378195555555,3151800,59678.39,5.872620444879751,0.0,3.3761071042824726,Actividad media,"JILOTEPEC,EM → JILOTEPEC,EM","JILOTEPEC,EM → JILOTEPEC,EM"
1810,1811085.54,36451875.731407,20.25392307317073,2323511,92663.56,15.728154199143884,0.0,1.2829382978785198,Actividad media,"TECAMAC,EM → IZTAPALAPA,DF","TECAMAC,EM → IZTAPALAPA,DF"
1811,801460.66,19863574.803702,24.141763285714283,183974,76353.11,108.38448864351484,0.0,0.2295483848202855,Poca actividad,"TUXTLA GUTIERREZ,CH → TUXTLA GUTIERREZ,CH","TUXTLA GUTIERREZ,CH → TUXTLA GUTIERREZ,CH"
1812,775172.49,15212503.033817999,19.598835259259264,982989,44955.31,15.521494486528333,0.0,1.2680906671494496,Actividad media,"CUAUTITLAN IZCALLI,EM/Mex → LEON,GJ","CUAUTITLAN IZCALLI,EM/Mex → LEON,GJ"
1813,1862681.02,37396784.6375975,20.12416503333333,2903160,247000.54,12.966486579312715,0.0,1.5585921415573343,Actividad media,"VILLAHERMOSA,TA → TUXTLA GUTIERREZ,CH","VILLAHERMOSA,TA → TUXTLA GUTIERREZ,CH"
1814,1393511.0,32566874.39082,22.958539454545452,448294,58530.28,72.77680421959697,0.0,0.32170108452678164,Poca actividad,"TUXTLA GUTIERREZ,CH → TUXTLA GUTIERREZ,CH","TUXTLA GUTIERREZ,CH → TUXTLA GUTIERREZ,CH"
1816,2021576.76,41063410.222884,20.489736254545456,2756050,75391.56999999999,14.92672549223853,0.0,1.3633170179498897,Actividad media,"VILLAHERMOSA,TA → TUXTLA GUTIERREZ,CH","VILLAHERMOSA,TA → TUXTLA GUTIERREZ,CH"
1817,1930653.1199999999,38704319.0814,20.062750648148146,2440044,164672.31,15.929627249098788,0.0,1.263843812605757,Actividad media,"VILLAHERMOSA,TA → TUXTLA GUTIERREZ,CH","VILLAHERMOSA,TA → TUXTLA GUTIERREZ,CH"
1818,2221762.69,44993755.131445,20.298002407407406,2363526,116102.82,19.085831064031026,0.0,1.063806684052292,Actividad media,"VILLAHERMOSA,TA → TUXTLA GUTIERREZ,CH","VILLAHERMOSA,TA → TUXTLA GUTIERREZ,CH"
1819,1448462.25,28956161.935809,19.9424346875,1967520,151210.68,14.793939891746463,0.0,1.3583508993762177,Actividad media,"VILLAHERMOSA,TA → TUXTLA GUTIERREZ,CH","VILLAHERMOSA,TA → TUXTLA GUTIERREZ,CH"
1820,1724725.68,34292317.449698,19.883844407407405,2471202,92013.47,13.914010639234672,0.0,1.4328087235298776,Actividad media,"VILLAHERMOSA,TA → TUXTLA GUTIERREZ,CH","VILLAHERMOSA,TA → TUXTLA GUTIERREZ,CH"
1821,2645214.96,51576945.34411824,19.60978664705882,3756711,99218.27,13.75569310871085,0.0,1.4201911968621257,Alta actividad,"JILOTEPEC,EM → LA PAZ,BS/","JILOTEPEC,EM → LA PAZ,BS/"
1822,11670209.459999999,229566192.2915002,19.859235714285717,4776352,195322.71999999997,48.10397454197266,0.0,0.40927731557613367,Alta actividad,"TLALNEPANTLA,EM/ → APASEO EL ALTO,GJ","TLALNEPANTLA,EM/ → APASEO EL ALTO,GJ"
1823,23564859.44,461196837.92868,19.566940428571424,1734208,50879.310000000005,265.9702395783435,0.0,0.07359297026216423,Actividad media,"TULTITLAN,EM → TULTITLAN,EM","TULTITLAN,EM → TULTITLAN,EM"
1824,702504.96,14312326.2924,20.32073958333333,957600,291875.44,15.250837230994152,0.0,1.3631220482770685,Actividad media,"VILLAHERMOSA,TA → TUXTLA GUTIERREZ,CH","VILLAHERMOSA,TA → TUXTLA GUTIERREZ,CH"
1825,1322078.34,26208477.7760652,19.78681248837209,2524874,107770.71,10.422796736021363,0.0,1.909776390406638,Actividad media,"TULTITLAN,EM → LA PAZ,BS/","TULTITLAN,EM → LA PAZ,BS/"
1826,1449778.33,29491659.714825,20.311538791666667,1982304,94491.21,14.925133039546408,0.0,1.3673152363920351,Actividad media,"VILLAHERMOSA,TA → TUXTLA GUTIERREZ,CH","VILLAHERMOSA,TA → TUXTLA GUTIERREZ,CH"
1827,769886.88,15304621.6614228,20.671540387755098,3259872,84237.23999999999,4.720694217878125,0.0,4.234222045711443,Actividad media,"JILOTEPEC,EM → JILOTEPEC,EM","JILOTEPEC,EM → JILOTEPEC,EM"
1828,3494433.15,68902492.804938,19.797015599999995,5656530,75811.16,12.194455605280622,0.0,1.618726058616975,Alta actividad,"TULTITLAN,EM → LA PAZ,BS/","TULTITLAN,EM → LA PAZ,BS/"
1829,3813037.47,76201120.413942,20.108949940298505,6387378,12862.79,11.931966951688471,0.0,1.6751416817312315,Alta actividad,"TULTITLAN,EM → LA PAZ,BS/","TULTITLAN,EM → LA PAZ,BS/"
1830,6092.1900000000005,118179.558261,19.537477142857146,6720,71850.54,28.278288431696428,0.0,1.103051611981898,Poca actividad,"MONTERREY,NX → MONTERREY,NX","MONTERREY,NX → MONTERREY,NX"
1831,4250201.58,86840828.238756,21.37935292307693,3239704,24715.93,26.812802703196343,0.0,0.7622471402874026,Actividad media,"TULTITLAN,EM → CUAUTITLAN,EM/","TULTITLAN,EM → CUAUTITLAN,EM/"
1832,3647851.14,71540620.305312,19.621588333333335,295590,85476.85,242.31569794415233,0.0,0.08103126708180312,Poca actividad,"TULTITLAN,EM → TULTITLAN,EM","TULTITLAN,EM → TULTITLAN,EM"
1833,16378031.25,321543279.2145,19.6256992,1798475,59471.87,178.8196950663757,0.0,0.10981020688918272,Actividad media,"TULTITLAN,EM → CUAUTITLAN,EM/","TULTITLAN,EM → CUAUTITLAN,EM/"
1834,672729.6,13690773.113752,20.717881428571427,872060,65622.78,15.774597956278237,0.0,1.2963009209049223,Actividad media,"TLALNEPANTLA,EM/ → APASEO EL ALTO,GJ","TLALNEPANTLA,EM/ → APASEO EL ALTO,GJ"
1835,1928902.45,39983816.090685,21.34874764,2718850,79177.71999999999,14.735271828414588,0.0,1.4095321409333064,Actividad media,"TLALNEPANTLA,EM/ → APASEO EL ALTO,GJ","TLALNEPANTLA,EM/ → APASEO EL ALTO,GJ"
1836,1295374.08,25865141.60769,20.606822038461527,4697940,55333.28999999999,5.517412929430772,0.0,3.626705268025743,Alta actividad,"JILOTEPEC,EM → JILOTEPEC,EM","JILOTEPEC,EM → JILOTEPEC,EM"
1837,9455539.18,185495026.911557,19.635934095238117,752892,156483.14,246.5845168384801,0.0,0.07962443871973889,Poca actividad,"TULTITLAN,EM → TULTITLAN,EM","TULTITLAN,EM → TULTITLAN,EM"
1838,11253996.09,220563629.94006,19.608820478260874,923634,70177.45,238.87579646273306,0.0,0.08207164749423687,Actividad media,"TULTITLAN,EM → JILOTEPEC,EM","TULTITLAN,EM → JILOTEPEC,EM"
1839,19890344.8,389204913.07396,19.575800444444432,1534842,131218.87,253.66528407742297,0.0,0.07716517815216556,Actividad media,"TULTITLAN,EM → TULTITLAN,EM","TULTITLAN,EM → TULTITLAN,EM"
1846,1578225.08,31641817.77743,20.457069066666666,1092780,78470.37999999999,29.02714925001373,0.0,0.6924107428327017,Actividad media,"TEXAS CITY,TX → APASEO EL ALTO,GJ","TEXAS CITY,TX → APASEO EL ALTO,GJ"
1847,4067442.24,80802468.774873,19.941230793650796,6401178,60878.83,12.632572880315623,0.0,1.5737600246783099,Alta actividad,"JILOTEPEC,EM → LA PAZ,BS/","JILOTEPEC,EM → LA PAZ,BS/"
1848,5317669.5,108834071.1825796,21.219574846153847,6802770,74912.21,16.009505450365012,0.0,1.2792765703096065,Alta actividad,"TLALNEPANTLA,EM/ → APASEO EL ALTO,GJ","TLALNEPANTLA,EM/ → APASEO EL ALTO,GJ"
1849,2360904.0,46513732.390216,19.717436642857145,3065454,45771.46,15.188452950269683,0.0,1.2984238240944994,Actividad media,"CUAUTITLAN IZCALLI,EM/Mex → SAN PEDRO GARZA GA,NX/Mex","CUAUTITLAN IZCALLI,EM/Mex → SAN PEDRO GARZA GA,NX/Mex"
1850,714716.94,14230397.761692,20.535565804878043,2846589,121904.75,5.041930012268017,0.0,3.9828201077758143,Actividad media,"TULTITLAN,EM → TUXTLA GUTIERREZ,CH/Mex","TULTITLAN,EM → TUXTLA GUTIERREZ,CH/Mex"
1851,1064569.44,21132577.09002,19.988974071428572,1457932,44143.55,14.525177196206682,0.0,1.3695039000931684,Actividad media,"TULTITLAN,EM → LA PAZ,BS/","TULTITLAN,EM → LA PAZ,BS/"
1852,2693957.85,54034900.202607,20.325559903225795,5138808,90099.5,10.53259816334975,0.0,1.9075309585857105,Alta actividad,"JILOTEPEC,EM → LA PAZ,BS/","JILOTEPEC,EM → LA PAZ,BS/"
1853,7626029.57,154226150.3834171,21.086079234375,6173888,83362.06,24.99389565269359,0.0,0.8095809153805837,Alta actividad,"TLALNEPANTLA,EM/ → APASEO EL ALTO,GJ","TLALNEPANTLA,EM/ → APASEO EL ALTO,GJ"
1854,866915.5499999999,17447958.290367,20.430644974358977,2653170,47473.479999999996,6.594161614358296,0.0,3.0604711150930446,Actividad media,"TULTITLAN,EM → TUXTLA GUTIERREZ,CH/Mex","TULTITLAN,EM → TUXTLA GUTIERREZ,CH/Mex"
1855,3351805.34,66973076.586598516,20.210057799999994,5135340,29560.389999999996,13.047361416497937,0.0,1.532111647032581,Alta actividad,"JILOTEPEC,EM → LA PAZ,BS/","JILOTEPEC,EM → LA PAZ,BS/"
1856,855762.9299999999,17929821.487314,21.476151584905658,3895765,66176.62000000001,4.619374656149435,0.0,4.552388124594273,Alta actividad,"TULTITLAN,EM → SAMALAYUCA,CI","TULTITLAN,EM → SAMALAYUCA,CI"
1857,184017.57,3746425.465728,20.480880705882345,270555,251339.32,14.776163019452605,0.0,1.4702672141578654,Poca actividad,"TEPOTZOTLAN,EM → TEPOTZOTLAN,EM","TEPOTZOTLAN,EM → TEPOTZOTLAN,EM"
1858,1378899.2,28536226.88488,20.66199625641025,1787331,110729.49,16.02778465481771,0.0,1.2962013466974236,Actividad media,"TECAMAC,EM → IZTAPALAPA,DF","TECAMAC,EM → IZTAPALAPA,DF"
1859,3372993.42,66735457.731248,19.832149704918027,5584977,9741.669999999998,11.95084588553328,0.0,1.6557924385159342,Alta actividad,"JILOTEPEC,EM → LA PAZ,BS/","JILOTEPEC,EM → LA PAZ,BS/"
1860,147587.4,3068251.36815,20.95203793333333,337260,43896.020000000004,9.227739394384155,0.0,2.2851544237516213,Poca actividad,"CUAUTITLAN IZCALLI,EM/Mex → VILLAHERMOSA,TA/","CUAUTITLAN IZCALLI,EM/Mex → VILLAHERMOSA,TA/"
1861,1190908.25,23305133.507600002,19.613210522727268,808720,1200.0,28.818792051142548,0.0,0.6790783420973027,Poca actividad,"TEPOTZOTLAN,EM → TEPOTZOTLAN,EM","TEPOTZOTLAN,EM → TEPOTZOTLAN,EM"
1862,3211783.56,62803604.439522,19.53053906451613,5321646,118648.70999999998,11.82383291739473,0.0,1.656913020627081,Alta actividad,"CUAUTITLAN IZCALLI,EM/Mex → SAN PEDRO GARZA GA,NX/Mex","CUAUTITLAN IZCALLI,EM/Mex → SAN PEDRO GARZA GA,NX/Mex"
1863,5057521.2,99094515.33564,19.600684909090912,2698542,66425.58999999998,36.746117320256644,0.0,0.5335700817230385,Actividad media,"TEPOTZOTLAN,EM → TEPOTZOTLAN,EM","TEPOTZOTLAN,EM → TEPOTZOTLAN,EM"
1864,4837383.2,95024339.04444,19.787637939393935,1480116,41984.04,64.22896792173046,0.0,0.3059745194467951,Actividad media,"TULTITLAN,EM → TULTITLAN,EM","TULTITLAN,EM → TULTITLAN,EM"
1865,209896.26,4242174.984978,20.627065749999993,664800,165072.78,6.62943406284296,0.0,3.167278921501507,Poca actividad,"CUAUTITLAN IZCALLI,EM/Mex → VILLAHERMOSA,TA/","CUAUTITLAN IZCALLI,EM/Mex → VILLAHERMOSA,TA/"
1866,4226766.72,82702736.32984,19.564167397727275,3161048,45075.64,26.177334849024756,0.0,0.747864315539988,Actividad media,"TEPOTZOTLAN,EM → TEPOTZOTLAN,EM","TEPOTZOTLAN,EM → TEPOTZOTLAN,EM"
1868,58688.16,1142863.08944,19.490566666666666,71028,181910.69999999998,18.651430273131723,0.0,1.2102611497787628,Poca actividad,"MONTERREY,NX → MONTERREY,NX","MONTERREY,NX → MONTERREY,NX"
1869,2446003.41,49060069.368649,20.30526762686567,4757536,119748.93000000001,10.33724564536117,0.0,1.9450242712458032,Alta actividad,"JILOTEPEC,EM → LA PAZ,BS/","JILOTEPEC,EM → LA PAZ,BS/"
1870,3864558.9,76052098.810986,19.684564558139535,4028799,11104.91,18.879870582023575,0.0,1.0424990546786594,Alta actividad,"JILOTEPEC,EM → LA PAZ,BS/","JILOTEPEC,EM → LA PAZ,BS/"
1871,1255884.84,25083035.5136508,20.275581183673474,2497089,26076.05,10.055353078585025,0.0,1.9883104887228353,Actividad media,"JILOTEPEC,EM → LA PAZ,BS/","JILOTEPEC,EM → LA PAZ,BS/"
1872,2391957.84,47519857.5753416,19.8813315882353,3567705,12710.119999999999,13.323009524425812,0.0,1.4915417572744512,Alta actividad,"TEXAS CITY,TX → APASEO EL ALTO,GJ","TEXAS CITY,TX → APASEO EL ALTO,GJ"
1873,2880776.8,57272458.658855,20.13816568627451,4155990,18075.04,13.785050902156886,0.0,1.4426629650724765,Alta actividad,"JILOTEPEC,EM → LA PAZ,BS/","JILOTEPEC,EM → LA PAZ,BS/"
1874,858699.92,16762582.737424,19.50027105555556,1936332,115531.8,8.71653959002072,0.0,2.2549577039671784,Actividad media,"CUAUTITLAN IZCALLI,EM/Mex → LEON,GJ","CUAUTITLAN IZCALLI,EM/Mex → LEON,GJ"
1875,2878573.36,58691727.886584,20.74475941269841,4717692,120613.87999999999,12.466337727554915,0.0,1.63889934700153,Alta actividad,"JILOTEPEC,EM → LA PAZ,BS/","JILOTEPEC,EM → LA PAZ,BS/"
1876,1915028.58,37718347.943064,19.688483166666668,2895690,51488.64,13.0434668707852,0.0,1.5120870937602404,Actividad media,"JILOTEPEC,EM → LA PAZ,BS/","JILOTEPEC,EM → LA PAZ,BS/"
1877,4090458.15,81403496.36136,20.05066879166667,7518456,28296.14,10.830919606546876,0.0,1.83804740796578,Alta actividad,"JILOTEPEC,EM → LA PAZ,BS/","JILOTEPEC,EM → LA PAZ,BS/"
1878,3848118.4,76266324.65298,19.979236692307694,4809844,74768.34999999998,15.871843869152512,0.0,1.2499210003517565,Alta actividad,"JILOTEPEC,EM → LA PAZ,BS/","JILOTEPEC,EM → LA PAZ,BS/"
1879,3035678.8,59883291.40079,19.746954545454546,6478296,58269.799999999996,9.252674036627841,0.0,2.1340518634580183,Alta actividad,"CUAUTITLAN IZCALLI,EM/Mex → VILLAHERMOSA,TA/","CUAUTITLAN IZCALLI,EM/Mex → VILLAHERMOSA,TA/"
1880,2378439.95,47948539.50199,20.7509174516129,4762902,31775.62,10.073756529525486,0.0,2.0025319537707897,Alta actividad,"JILOTEPEC,EM → LA PAZ,BS/","JILOTEPEC,EM → LA PAZ,BS/"
1881,4427278.68,86999128.30818,19.76249604285714,6912010,131958.87,12.60575247694665,0.0,1.5612321924130605,Alta actividad,"CUAUTITLAN IZCALLI,EM/Mex → SANTA CATARINA,NX","CUAUTITLAN IZCALLI,EM/Mex → SANTA CATARINA,NX"
1882,1291968.43,26067070.82483788,20.597502033333335,3257220,188991.58000000002,8.060880875359318,0.0,2.521129715220673,Actividad media,"TLALNEPANTLA,EM/ → APASEO EL ALTO,GJ","TLALNEPANTLA,EM/ → APASEO EL ALTO,GJ"
1883,3787908.3,74946916.70649,19.853012903846135,4984824,37199.13,15.042480102906339,0.0,1.3159832829110463,Alta actividad,"JILOTEPEC,EM → LA PAZ,BS/","JILOTEPEC,EM → LA PAZ,BS/"
1884,11350222.41,221753081.284605,19.574125114285707,1806980,38497.9,122.74157942235388,0.0,0.1592021666824765,Actividad media,"TULTITLAN,EM → TULTITLAN,EM","TULTITLAN,EM → TULTITLAN,EM"
1885,17639860.11,346288330.362969,19.612396064516137,1717121,10330.470000000001,201.67400016246322,0.0,0.09734323227578022,Actividad media,"TULTITLAN,EM → CUAUTITLAN,EM/","TULTITLAN,EM → CUAUTITLAN,EM/"
1886,2506619.52,49713668.47248,19.861151613333334,5761725,64849.170000000006,8.639516402202466,0.0,2.2986037386320204,Alta actividad,"TULTITLAN,EM → LA PAZ,BS/","TULTITLAN,EM → LA PAZ,BS/"
1887,2692746.6,53453061.746593,20.178713923076923,6957405,40506.83,7.688724255177469,0.0,2.583757788423166,Alta actividad,"CUAUTITLAN IZCALLI,EM/Mex → VILLAHERMOSA,TA/","CUAUTITLAN IZCALLI,EM/Mex → VILLAHERMOSA,TA/"
1888,1328480.56,26257802.411872,19.75109934285714,1769005,42862.17,14.867490245574208,0.0,1.3316002155123745,Actividad media,"JILOTEPEC,EM → LA PAZ,BS/","JILOTEPEC,EM → LA PAZ,BS/"
1889,808934.04,17232220.042992,21.159784107142848,3832584,47810.229999999996,4.50871534009222,0.0,4.7378201565111535,Alta actividad,"CUAUTITLAN,EM → EL SALTO,JA","CUAUTITLAN,EM → EL SALTO,JA"
1890,2373190.97,47777510.301501,20.22516810526316,2019130,43836.86,23.68413483109111,0.0,0.8508080578108722,Actividad media,"TEXAS CITY,TX → APASEO EL ALTO,GJ","TEXAS CITY,TX → APASEO EL ALTO,GJ"
1891,2204263.34,43799791.798506,19.855140604651158,2566369,77509.48,17.097035258182277,0.0,1.1642751360189114,Actividad media,"APASEO EL ALTO,GJ → TEXAS CITY,TX","APASEO EL ALTO,GJ → TEXAS CITY,TX"
1892,979650.0,19466905.247928,20.15377579166665,4006608,89952.67,4.881150818330119,0.0,4.089836165977645,Alta actividad,"JILOTEPEC,EM → JILOTEPEC,EM","JILOTEPEC,EM → JILOTEPEC,EM"
1893,69709.77,1400027.498181,20.53649999999998,261420,53820.89,5.561351037338381,0.0,3.75011996166391,Poca actividad,"JILOTEPEC,EM → JILOTEPEC,EM","JILOTEPEC,EM → JILOTEPEC,EM"
1894,913290.04,19800465.376553,21.75897503076923,6764745,119301.59999999999,2.9446441775045478,0.0,7.4070062123966665,Alta actividad,"TULTITLAN,EM → TIJUANA,BJ/","TULTITLAN,EM → TIJUANA,BJ/"
1895,2980408.0,60599601.0083122,20.95037493939394,4639668,60208.89,13.07417037130937,0.0,1.5567224353175806,Alta actividad,"TLALNEPANTLA,EM/ → APASEO EL ALTO,GJ","TLALNEPANTLA,EM/ → APASEO EL ALTO,GJ"
1896,948496.19,18646154.301032,19.640490093023264,2783906,137085.57,6.7470812128829065,0.0,2.9350734661359055,Actividad media,"TULTITLAN,EM → MERIDA,YC/","TULTITLAN,EM → MERIDA,YC/"
1897,1716572.9,34563072.808817,20.604986999999998,7498908,46184.36,4.615239601394896,0.0,4.368534537624356,Alta actividad,"JILOTEPEC,EM → JILOTEPEC,EM","JILOTEPEC,EM → JILOTEPEC,EM"
1898,1212204.0,24589413.65908,20.844212882352938,4716378,47637.98,5.2237228735864685,0.0,3.8907461120405475,Alta actividad,"JILOTEPEC,EM → JILOTEPEC,EM","JILOTEPEC,EM → JILOTEPEC,EM"
1899,1224447.0,24426329.63421,20.329158235294123,4837809,74209.93000000001,5.0643875283645965,0.0,3.951015437989558,Alta actividad,"JILOTEPEC,EM → JILOTEPEC,EM","JILOTEPEC,EM → JILOTEPEC,EM"
1900,788049.32,15576309.42252,20.079320333333342,2191695,87505.84,7.146895559153989,0.0,2.7811647626318616,Actividad media,"JILOTEPEC,EM → JILOTEPEC,EM","JILOTEPEC,EM → JILOTEPEC,EM"
1901,1038640.5,21423196.086428,20.82422630188678,4986664,88954.46999999999,4.313936242030343,0.0,4.801145343359901,Alta actividad,"TULTITLAN,EM → MERIDA,YC/","TULTITLAN,EM → MERIDA,YC/"
1902,835073.35,17177343.626644,20.628864964912285,4037367,72113.91,4.27245220378628,0.0,4.834745355003845,Alta actividad,"ECATEPEC DE MORELO,EM → TULTITLAN,EM","ECATEPEC DE MORELO,EM → TULTITLAN,EM"
1903,19654148.73,387318956.46515375,20.07962663157895,9165448,14954.199999999999,42.2602267412519,0.0,0.4663365544807292,Alta actividad,"TLALNEPANTLA,EM/ → APASEO EL ALTO,GJ","TLALNEPANTLA,EM/ → APASEO EL ALTO,GJ"
1904,452663.68,8823244.36608,19.51454100000001,1475880,27802.24,5.997131613735534,0.0,3.2604338832751063,Actividad media,"CUAUTITLAN,EM → GUADALAJARA,JA","CUAUTITLAN,EM → GUADALAJARA,JA"
1905,710473.6,14186476.64088,20.07480884615384,1866969,100.0,7.598721050472718,0.0,2.6277809618823276,Actividad media,"CUAUTITLAN IZCALLI,EM → TEPATITLAN,JA","CUAUTITLAN IZCALLI,EM → TEPATITLAN,JA"
1906,779777.74,15218412.749604,19.511289978723408,2348637,27284.100000000002,6.491295525704483,0.0,3.0119313228920848,Actividad media,"CUAUTITLAN IZCALLI,EM → TEPATITLAN,JA","CUAUTITLAN IZCALLI,EM → TEPATITLAN,JA"
1907,2590840.86,52150113.234387,20.265716632352937,6912540,78155.15,7.555582808112069,0.0,2.6680681576096497,Alta actividad,"CUAUTITLAN IZCALLI,EM/Mex → VILLAHERMOSA,TA/","CUAUTITLAN IZCALLI,EM/Mex → VILLAHERMOSA,TA/"
1908,3677150.9699999997,72096071.425351,19.606679253731343,5794830,72976.29999999999,12.454040537056478,0.0,1.5759021175026708,Alta actividad,"CUAUTITLAN IZCALLI,EM/Mex → SAN PEDRO GARZA GA,NX/Mex","CUAUTITLAN IZCALLI,EM/Mex → SAN PEDRO GARZA GA,NX/Mex"
1909,4427858.61,90743315.186895,21.397839868852458,5692215,43597.310000000005,15.949311910547124,0.0,1.2855457911742127,Alta actividad,"JILOTEPEC,EM → LA PAZ,BS/","JILOTEPEC,EM → LA PAZ,BS/"
1910,269647.2,2747710.728,10.167692307692308,351598,19960.29,7.871691585276367,0.0,1.3039186017878175,Poca actividad,"CUAUTITLAN IZCALLI,EM → QUERETARO,QA","CUAUTITLAN IZCALLI,EM → QUERETARO,QA"
1912,2493952.0,26560588.8,10.65,1993920,22304.0,13.331975605841759,0.0,0.7995021556148635,Actividad media,"CUAUTITLAN IZCALLI,EM → CUAUTITLAN IZCALLI,EM","CUAUTITLAN IZCALLI,EM → CUAUTITLAN IZCALLI,EM"
1916,228930.0,2438104.5,10.65,193746,53471.299999999996,12.860011561529012,0.0,0.8463110994627179,Poca actividad,"CUAUTITLAN IZCALLI,EM → CUAUTITLAN IZCALLI,EM","CUAUTITLAN IZCALLI,EM → CUAUTITLAN IZCALLI,EM"
1917,2078004.805,21056769.09836,10.120816326530612,3985954,18337.55,5.287343167623108,0.0,1.9181639957757461,Alta actividad,"CUAUTITLAN IZCALLI,EM → QUERETARO,QA","CUAUTITLAN IZCALLI,EM → QUERETARO,QA"
1918,770909.262,7983828.5744,10.360727272727273,1295745,38646.5,6.19139959976693,0.0,1.6808009241430024,Actividad media,"CUAUTITLAN IZCALLI,EM → QUERETARO,QA","CUAUTITLAN IZCALLI,EM → QUERETARO,QA"
1919,1808825.68,19354092.8832,10.677540983606558,1796999,14689.88,10.778404864554739,0.0,0.9934616806192181,Actividad media,"CUAUTITLAN IZCALLI,EM → CUAUTITLAN IZCALLI,EM","CUAUTITLAN IZCALLI,EM → CUAUTITLAN IZCALLI,EM"
1920,812404.0,8652102.6,10.65,434430,15177.65,19.95092477499252,0.0,0.5347462592503237,Poca actividad,"SAN MATEO ATENCO,EM → CUAUTITLAN IZCALLI,EM","SAN MATEO ATENCO,EM → CUAUTITLAN IZCALLI,EM"
1921,1097542.16,11214650.10016,10.209277108433735,3042282,86742.74,3.7147749091504343,0.0,2.7719044523993506,Actividad media,"CUAUTITLAN IZCALLI,EM/Mex → LEON,GJ","CUAUTITLAN IZCALLI,EM/Mex → LEON,GJ"
1922,109270.5,1187142.795,10.755,109728,900.0,10.827161663385827,0.0,1.0041868573860282,Poca actividad,"CUAUTITLAN IZCALLI,EM → CUAUTITLAN IZCALLI,EM","CUAUTITLAN IZCALLI,EM → CUAUTITLAN IZCALLI,EM"
1923,2387220.0,25423893.0,10.65,2055924,18303.93,12.37506684585617,0.0,0.8612210018347701,Actividad media,"CUAUTITLAN IZCALLI,EM → CUAUTITLAN IZCALLI,EM","CUAUTITLAN IZCALLI,EM → CUAUTITLAN IZCALLI,EM"
1924,1131.22,11300.8878,9.99,1700,6844.08,10.673510470588234,0.0,1.502802284259472,Poca actividad,"CUAUTITLAN IZCALLI,EM → QUERETARO,QA","CUAUTITLAN IZCALLI,EM → QUERETARO,QA"
1925,20138.96,211595.09040000002,10.53,35629,2019.93,5.995537915742794,0.0,1.7691578909735162,Poca actividad,"CUAUTITLAN IZCALLI,EM → QUERETARO,QA","CUAUTITLAN IZCALLI,EM → QUERETARO,QA"
1926,240806.0,2564583.9,10.65,384885,18559.54,6.711468204788443,0.0,1.598319809307077,Poca actividad,"TLALNEPANTLA,EM → QUERETARO,QA","TLALNEPANTLA,EM → QUERETARO,QA"
1927,63152.0,671196.0,10.611176470588235,115872,13543.91,5.909451032173433,0.0,1.8348112490499113,Poca actividad,"CUAUTITLAN IZCALLI,EM → CUAUTITLAN IZCALLI,EM","CUAUTITLAN IZCALLI,EM → CUAUTITLAN IZCALLI,EM"
1928,2527527.24,26872615.0476,10.631666666666666,2167632,200.0,12.397314233965913,0.0,0.8576097482533956,Actividad media,"CUAUTITLAN IZCALLI,EM → CUAUTITLAN IZCALLI,EM","CUAUTITLAN IZCALLI,EM → CUAUTITLAN IZCALLI,EM"
1930,110441.8,1141821.7748,10.34125,400256,40823.63,2.9547224896066515,0.0,3.6241350648033626,Poca actividad,"CUAUTITLAN,EM → GUADALAJARA,JA","CUAUTITLAN,EM → GUADALAJARA,JA"
1931,4367187.0,90229801.876896,21.059168168539323,9595713,90645.01000000001,9.412583190732779,0.0,2.1972297041551,Alta actividad,"JILOTEPEC,EM → LA PAZ,BS/","JILOTEPEC,EM → LA PAZ,BS/"
1932,2506464.66,51440426.6805856,20.658047464285715,6743688,80631.18,7.639893461943316,0.0,2.6905178866555413,Alta actividad,"JILOTEPEC,EM → LA PAZ,BS/","JILOTEPEC,EM → LA PAZ,BS/"
1933,2364353.88,49216095.281024,21.045972389610384,5642560,11132.33,8.724271892726705,0.0,2.3865124623391827,Alta actividad,"JILOTEPEC,EM → LA PAZ,BS/","JILOTEPEC,EM → LA PAZ,BS/"
1934,3583725.24,71498867.942148,20.120032073170723,7744736,37961.81,9.236832572749801,0.0,2.161085318025106,Alta actividad,"JILOTEPEC,EM → LA PAZ,BS/","JILOTEPEC,EM → LA PAZ,BS/"
1935,1197092.04,23574775.841241,19.859259063829775,2085202,24315.01,11.317412342421022,0.0,1.7418894540473262,Actividad media,"CUAUTITLAN IZCALLI,EM/Mex → QUERETARO,QA/MEX","CUAUTITLAN IZCALLI,EM/Mex → QUERETARO,QA/MEX"
1936,2879440.62,58026962.672497,20.176069827160497,6996375,38594.47,8.299377483696485,0.0,2.4297688069705705,Alta actividad,"JILOTEPEC,EM → LA PAZ,BS/","JILOTEPEC,EM → LA PAZ,BS/"
1937,1624747.76,33715302.857596,21.191589876923075,4639310,77653.92,7.284048010931799,0.0,2.855403228867969,Alta actividad,"APASEO EL ALTO,GJ → TEXAS CITY,TX","APASEO EL ALTO,GJ → TEXAS CITY,TX"
1938,5596101.33,122173905.46625459,22.257094370967742,13670752,51276.81,8.940633425012361,0.0,2.4429064439403207,Alta actividad,"TLALNEPANTLA,EM/ → APASEO EL ALTO,GJ","TLALNEPANTLA,EM/ → APASEO EL ALTO,GJ"
1939,1414721.7,30964354.599444,22.71314216,9725200,23001.85,3.186295032435734,0.0,6.8742848858542285,Alta actividad,"JILOTEPEC,EM → JILOTEPEC,EM","JILOTEPEC,EM → JILOTEPEC,EM"
1940,2296869.32,45160717.585764,19.661755472222218,5256432,68738.7,8.604592675366865,0.0,2.28852027158428,Alta actividad,"CUAUTITLAN IZCALLI,EM/Mex → SANTA CATARINA,NX","CUAUTITLAN IZCALLI,EM/Mex → SANTA CATARINA,NX"
1941,475239.9,10966370.24982,22.516368431372555,2839017,50496.479999999996,3.8805215783561704,0.0,5.973860780628899,Actividad media,"CUAUTITLAN IZCALLI,EM → QUERETARO,QA","CUAUTITLAN IZCALLI,EM → QUERETARO,QA"
1942,1091471.48,24260433.018316,22.07967763380282,5178598,97205.73,4.703519900234774,0.0,4.744602213518213,Alta actividad,"CUAUTITLAN IZCALLI,EM → SAN JACINTO AMILPA,OA","CUAUTITLAN IZCALLI,EM → SAN JACINTO AMILPA,OA"
1943,1368140.96,27365955.096024,20.156403524590164,3288449,11070.689999999999,8.325209174910118,0.0,2.4035893202115663,Actividad media,"TULTITLAN,EM → LA PAZ,BS/","TULTITLAN,EM → LA PAZ,BS/"
1944,2688301.65,54869509.3532824,20.428340447916668,8501952,29242.0,6.457193754244013,0.0,3.162573664305864,Alta actividad,"CUAUTITLAN IZCALLI,EM → TEPATITLAN,JA","CUAUTITLAN IZCALLI,EM → TEPATITLAN,JA"
1945,1549494.72,31589265.284784,20.5773935522388,4952305,19343.97,6.382605525060351,0.0,3.1960773638518756,Alta actividad,"CUAUTITLAN,EM → EL SALTO,JA","CUAUTITLAN,EM → EL SALTO,JA"
1946,1598144.0,31802952.86064,20.021100098360655,4589457,59956.4,6.942631614293369,0.0,2.8717418455408272,Alta actividad,"CUAUTITLAN,EM → GUADALAJARA,JA","CUAUTITLAN,EM → GUADALAJARA,JA"
1947,4693992.48,94385775.530736,20.25964044117647,10873608,41908.06,8.684116954624077,0.0,2.3164945504983,Alta actividad,"TULTITLAN,EM → LA PAZ,BS/","TULTITLAN,EM → LA PAZ,BS/"
1948,3800335.5,74362465.915101,19.5635496,7657650,1310.0,9.711043977604227,0.0,2.0149931499468927,Alta actividad,"CUAUTITLAN IZCALLI,EM/Mex → SANTA CATARINA,NX","CUAUTITLAN IZCALLI,EM/Mex → SANTA CATARINA,NX"
1949,1674821.1300000001,33497353.771035,20.161406044776115,4923830,101599.74,6.8237436123982755,0.0,2.939913947706165,Alta actividad,"CUAUTITLAN,EM → EL SALTO,JA","CUAUTITLAN,EM → EL SALTO,JA"
1950,1825906.3,36821317.148706,20.24372304411764,5559340,9601.65,6.625052398073511,0.0,3.044701691428525,Alta actividad,"CUAUTITLAN,EM → EL SALTO,JA","CUAUTITLAN,EM → EL SALTO,JA"
1951,1968886.98,38885827.4328609,19.800107807017536,4598532,48364.85,8.466656811969756,0.0,2.335599781354641,Alta actividad,"CUAUTITLAN,EM → EL SALTO,JA","CUAUTITLAN,EM → EL SALTO,JA"
1952,2974680.0,59121806.369500004,20.02394475,3061584,35600.08,19.322483541036274,0.0,1.0292145709790632,Actividad media,"CUAUTITLAN,EM → LEON,GJ","CUAUTITLAN,EM → LEON,GJ"
1953,1416812.4,28423842.6006576,20.2552489361702,2871512,35948.93,9.911082221024186,0.0,2.0267411550040078,Actividad media,"CUAUTITLAN IZCALLI,EM → VERACRUZ,VZ","CUAUTITLAN IZCALLI,EM → VERACRUZ,VZ"
1954,1534050.9,30411030.496770002,20.007697857142865,2331665,48358.270000000004,13.063364062491825,0.0,1.5199397881778238,Actividad media,"CUAUTITLAN,EM → LEON,GJ","CUAUTITLAN,EM → LEON,GJ"
1955,3797602.62,76140205.548918,20.339206222222217,7017912,47688.149999999994,10.856205335563912,0.0,1.8479848215398587,Alta actividad,"JILOTEPEC,EM → LA PAZ,BS/","JILOTEPEC,EM → LA PAZ,BS/"
1956,1405020.08,28667169.620984,21.318256826086962,3581192,19744.95,8.010437466347517,0.0,2.5488546754434998,Alta actividad,"CUAUTITLAN,EM → GUADALAJARA,JA","CUAUTITLAN,EM → GUADALAJARA,JA"
1957,2633126.1,51832050.20466,19.86886919444444,2874024,32654.88,18.046023653476798,0.0,1.0914874149020055,Actividad media,"CUAUTITLAN,EM → LEON,GJ","CUAUTITLAN,EM → LEON,GJ"
1958,1691306.76,34315691.621172,20.855015099999996,5562960,12398.059999999998,6.170831658176943,0.0,3.2891490364527365,Alta actividad,"JILOTEPEC,EM → JILOTEPEC,EM","JILOTEPEC,EM → JILOTEPEC,EM"
1959,2240218.08,47399715.4536,22.278074121621618,6634840,66425.84,7.154074746881613,0.0,2.961693800810678,Alta actividad,"TULTITLAN,EM → JILOTEPEC,EM","TULTITLAN,EM → JILOTEPEC,EM"
1960,1317882.16,26216121.824196,19.99284899999999,3051237,64225.6,8.613014139575524,0.0,2.315257837620323,Actividad media,"CUAUTITLAN,EM → EL SALTO,JA","CUAUTITLAN,EM → EL SALTO,JA"
1961,1666439.39,32890415.344633,19.829018055555558,3774006,40031.59,8.725594748559754,0.0,2.264712429775199,Alta actividad,"CUAUTITLAN IZCALLI,EM → TEPATITLAN,JA","CUAUTITLAN IZCALLI,EM → TEPATITLAN,JA"
1963,2102557.66,41805125.119828,20.028305837209306,3483602,20111.32,12.006318873346611,0.0,1.6568401743617343,Alta actividad,"CUAUTITLAN,EM → LEON,GJ","CUAUTITLAN,EM → LEON,GJ"
1964,2185541.82,43381059.534736,19.89745387878787,5722266,52114.15,7.590205293625987,0.0,2.6182367903625843,Alta actividad,"CUAUTITLAN IZCALLI,EM → VILLAHERMOSA,TA","CUAUTITLAN IZCALLI,EM → VILLAHERMOSA,TA"
1965,2716397.84,53815232.729752004,19.799652278688523,4741225,138008.48,11.379599409383019,0.0,1.7454089125619392,Alta actividad,"TULTITLAN,EM → LA PAZ,BS/","TULTITLAN,EM → LA PAZ,BS/"
1966,2125689.35,42937603.117739,20.639588847826086,2526090,21042.770000000008,17.005983907041713,0.0,1.188362730424368,Actividad media,"TLALNEPANTLA,EM/ → APASEO EL ALTO,GJ","TLALNEPANTLA,EM/ → APASEO EL ALTO,GJ"
1967,3799670.94,78863640.268257,21.621975232876714,6155360,34658.71,12.817820400148326,0.0,1.6199718599842754,Alta actividad,"TLALNEPANTLA,EM/ → APASEO EL ALTO,GJ","TLALNEPANTLA,EM/ → APASEO EL ALTO,GJ"
1968,4065167.59,82500657.6628048,21.051750305084745,4825846,19119.56,17.09954632261469,0.0,1.187121045604912,Alta actividad,"TLALNEPANTLA,EM/ → APASEO EL ALTO,GJ","TLALNEPANTLA,EM/ → APASEO EL ALTO,GJ"
1969,13620613.27,268334619.6038068,19.846222654545453,5688375,22305.58,47.17637729295393,0.0,0.4176298737244744,Alta actividad,"TLALNEPANTLA,EM/ → APASEO EL ALTO,GJ","TLALNEPANTLA,EM/ → APASEO EL ALTO,GJ"
1970,22033674.95,436867450.244855,20.153886911764705,9793020,39123.909999999996,44.61407963578702,0.0,0.44445695156268067,Alta actividad,"TLALNEPANTLA,EM/ → APASEO EL ALTO,GJ","TLALNEPANTLA,EM/ → APASEO EL ALTO,GJ"
1971,5612599.7,117170366.9051632,21.57311118181818,9617608,29491.29,12.185967466667721,0.0,1.7135745490632441,Alta actividad,"TLALNEPANTLA,EM/ → APASEO EL ALTO,GJ","TLALNEPANTLA,EM/ → APASEO EL ALTO,GJ"
1972,5635523.06,114026896.324266,20.710115714285713,7755286,41978.770000000004,14.708532360285101,0.0,1.3761430691404182,Alta actividad,"TLALNEPANTLA,EM/ → APASEO EL ALTO,GJ","TLALNEPANTLA,EM/ → APASEO EL ALTO,GJ"
1973,595019.47,12245543.109305799,20.919046103448274,1030312,48510.32,11.932359740841415,0.0,1.7315601454184348,Actividad media,"TLALNEPANTLA,EM/ → APASEO EL ALTO,GJ","TLALNEPANTLA,EM/ → APASEO EL ALTO,GJ"
1974,2740711.71,53470341.192136,19.5051008292683,3729893,15662.97,14.339822660364787,0.0,1.3609213206886324,Alta actividad,"CUAUTITLAN,EM → LEON,GJ","CUAUTITLAN,EM → LEON,GJ"
1975,4039569.08,82388641.609392,21.317331179104478,4848656,79083.26999999997,17.008367860989107,0.0,1.2002904032526163,Alta actividad,"TLALNEPANTLA,EM/ → APASEO EL ALTO,GJ","TLALNEPANTLA,EM/ → APASEO EL ALTO,GJ"
1976,2960866.65,60226177.3638,20.636423714285716,6759207,14199.230000000001,8.91234379917644,0.0,2.28284748994015,Alta actividad,"CUAUTITLAN,EM → EL SALTO,JA","CUAUTITLAN,EM → EL SALTO,JA"
1977,335505.1,6627042.586465,19.83467309523809,573279,28836.89,11.610192378344575,0.0,1.7087042790109601,Poca actividad,"CUAUTITLAN IZCALLI,EM → SAN JACINTO AMILPA,OA","CUAUTITLAN IZCALLI,EM → SAN JACINTO AMILPA,OA"
1978,1651390.67,33491793.498772,20.993696155555554,4031775,42001.1,8.317377482317838,0.0,2.441442278464611,Alta actividad,"CUAUTITLAN,EM → EL SALTO,JA","CUAUTITLAN,EM → EL SALTO,JA"
1979,1573721.86,31442393.393094,20.166791615384614,2856048,15646.97,11.014534896855375,0.0,1.8148365810969924,Actividad media,"CUAUTITLAN,EM → LEON,GJ","CUAUTITLAN,EM → LEON,GJ"
1980,1062446.47,20527659.7483194,19.803662812500008,2719536,18695.100000000002,7.5550957399789525,0.0,2.5596922544248275,Actividad media,"CUAUTITLAN,EM → EL SALTO,JA","CUAUTITLAN,EM → EL SALTO,JA"
1981,2766240.29,54543761.494464,19.759168,3909840,87861.25,13.972853811016309,0.0,1.4134130046959876,Alta actividad,"CUAUTITLAN,EM → LEON,GJ","CUAUTITLAN,EM → LEON,GJ"
1982,2055237.73,41244569.146963,20.305180437500006,3820992,21883.6,10.799931731593,0.0,1.859148430483514,Alta actividad,"CUAUTITLAN,EM → LEON,GJ","CUAUTITLAN,EM → LEON,GJ"
1983,1787615.7,36313667.962845,20.723489449275355,5673042,114744.92,6.421319088214929,0.0,3.173524376631957,Alta actividad,"CUAUTITLAN,EM → EL SALTO,JA","CUAUTITLAN,EM → EL SALTO,JA"
1984,1999351.98,40645517.947922,21.05267901785714,5559960,26221.08,7.315113602961532,0.0,2.780881033263588,Alta actividad,"CUAUTITLAN,EM → EL SALTO,JA","CUAUTITLAN,EM → EL SALTO,JA"
1985,2877324.16,56231609.924398,19.54374049180328,5668669,97689.92,9.936953426703518,0.0,1.9701183060305585,Alta actividad,"CUAUTITLAN IZCALLI,EM → ACAPULCO DE JUAREZ,GR","CUAUTITLAN IZCALLI,EM → ACAPULCO DE JUAREZ,GR"
1986,2702242.5,53180035.336567,19.76290803225807,2739036,50738.89000000001,19.434127271991677,0.0,1.0136159134496627,Actividad media,"CUAUTITLAN,EM → LEON,GJ","CUAUTITLAN,EM → LEON,GJ"
1987,2605681.12,51543347.725184,19.898248954545437,3423860,29849.629999999997,15.062881471550824,0.0,1.3139980843089503,Actividad media,"CUAUTITLAN,EM → LEON,GJ","CUAUTITLAN,EM → LEON,GJ"
1988,1951434.91,39000461.500767,20.18401194594594,2611497,70229.39,14.961032270290566,0.0,1.3382444818515622,Actividad media,"CUAUTITLAN,EM → LEON,GJ","CUAUTITLAN,EM → LEON,GJ"
1989,2530114.51,51704059.5777575,20.895485530612238,4071361,32951.549999999996,12.707546967158525,0.0,1.6091607648224586,Alta actividad,"CUAUTITLAN IZCALLI,EM → VERACRUZ,VZ","CUAUTITLAN IZCALLI,EM → VERACRUZ,VZ"
1990,1236745.44,24643468.830168,20.08289387499999,2940760,51021.65,8.397315823177681,0.0,2.3778215830737164,Actividad media,"CUAUTITLAN IZCALLI,EM → VERACRUZ,VZ","CUAUTITLAN IZCALLI,EM → VERACRUZ,VZ"
1991,1636801.79,33115635.059154,20.269327982142855,13545056,31472.78,2.4471739237662806,0.0,8.27531841836512,Alta actividad,"CUAUTITLAN,EM → MERIDA,YC","CUAUTITLAN,EM → MERIDA,YC"
1992,1911512.01,39991602.040431,20.68241967058824,8502635,34820.119999999995,4.707531507636279,0.0,4.448120103624146,Alta actividad,"TLALNEPANTLA,EM → ACAPULCO DE JUAREZ,GR","TLALNEPANTLA,EM → ACAPULCO DE JUAREZ,GR"
1993,2316795.84,45585324.780408,19.659776369230766,8452535,44443.9,5.398353118964666,0.0,3.6483728320230413,Alta actividad,"CUAUTITLAN IZCALLI,EM → CUAUTITLAN IZCALLI,EM","CUAUTITLAN IZCALLI,EM → CUAUTITLAN IZCALLI,EM"
1994,2145273.75,42223140.851025,19.705290222222217,6915888,10300.46,6.106727192664919,0.0,3.223778783476934,Alta actividad,"CUAUTITLAN IZCALLI,EM → CUAUTITLAN IZCALLI,EM","CUAUTITLAN IZCALLI,EM → CUAUTITLAN IZCALLI,EM"
1995,471344.64,9322244.0989792,19.811971957446794,2548669,31431.03,3.6700235020629193,0.0,5.407230259370299,Actividad media,"CUAUTITLAN,EM → EL SALTO,JA","CUAUTITLAN,EM → EL SALTO,JA"
1996,1762519.26,34745998.896976,19.73969627906976,8896012,6901.12,3.906570721462156,0.0,5.0473275395583475,Alta actividad,"CUAUTITLAN,EM → EL SALTO,JA","CUAUTITLAN,EM → EL SALTO,JA"
1997,1942920.48,39806825.572176,20.46661554471544,17592567,19158.55,2.2637960749091364,0.0,9.05470253728552,Alta actividad,"CUAUTITLAN,EM → MERIDA,YC","CUAUTITLAN,EM → MERIDA,YC"
1998,519648.0,10348609.6146,19.894121115942024,4620654,19092.34,2.243773707055322,0.0,8.891892203953445,Alta actividad,"CUAUTITLAN IZCALLI,EM → MERIDA,YC","CUAUTITLAN IZCALLI,EM → MERIDA,YC"
1999,1390318.8,28017134.805116,20.184475834862386,12503390,11024.55,2.2416448143356322,0.0,8.993181995381203,Alta actividad,"CUAUTITLAN,EM → MERIDA,YC","CUAUTITLAN,EM → MERIDA,YC"
2000,1537106.12,30760078.20248,19.99575895614035,14848158,22187.48,2.0731369966887474,0.0,9.659813207952096,Alta actividad,"CUAUTITLAN,EM → MERIDA,YC","CUAUTITLAN,EM → MERIDA,YC"
2001,1567427.84,31499355.378744,20.041810591304344,14892155,34930.79,2.1175099351802342,0.0,9.501014732518723,Alta actividad,"CUAUTITLAN,EM → MERIDA,YC","CUAUTITLAN,EM → MERIDA,YC"
2002,1697643.36,34418745.41112,20.224944852173913,15009800,15793.01,2.2941370585297602,0.0,8.841550795450935,Alta actividad,"CUAUTITLAN,EM → MERIDA,YC","CUAUTITLAN,EM → MERIDA,YC"
2003,1586535.88,31516188.416764,19.909720160714272,5585384,34010.96,5.648707300476386,0.0,3.5204901889770057,Alta actividad,"CUAUTITLAN IZCALLI,EM → CUAUTITLAN IZCALLI,EM","CUAUTITLAN IZCALLI,EM → CUAUTITLAN IZCALLI,EM"
2004,1446399.94,28786263.255992,19.967646790697675,6912938,11705.13,4.165807415890609,0.0,4.779409766844985,Alta actividad,"CUAUTITLAN IZCALLI,EM → XALAPA,VZ","CUAUTITLAN IZCALLI,EM → XALAPA,VZ"
2005,1025547.5,20455954.3378055,20.000286528089884,9453580,66609.24999999999,2.1708774440799674,0.0,9.218081073767914,Alta actividad,"CUAUTITLAN,EM → MERIDA,YC","CUAUTITLAN,EM → MERIDA,YC"
2006,1244308.26,25217453.064648,20.213605089999998,10560000,22706.34,2.3901666102886363,0.0,8.486643012399515,Alta actividad,"CUAUTITLAN,EM → MERIDA,YC","CUAUTITLAN,EM → MERIDA,YC"
2007,3543144.0,73714836.12647,22.01626661956522,10982500,32270.73,6.714965340903255,0.0,3.099648222031055,Alta actividad,"CUAUTITLAN IZCALLI,EM → CUAUTITLAN IZCALLI,EM","CUAUTITLAN IZCALLI,EM → CUAUTITLAN IZCALLI,EM"
2008,843801.42,17162505.333831,20.271345185185183,7861131,9239.25,2.1843860105919877,0.0,9.316328242253965,Alta actividad,"CUAUTITLAN,EM → MERIDA,YC","CUAUTITLAN,EM → MERIDA,YC"
2009,1382684.94,27435612.895278,19.926886930000002,12015800,19692.85,2.2849336494680337,0.0,8.69019373278196,Alta actividad,"CUAUTITLAN,EM → MERIDA,YC","CUAUTITLAN,EM → MERIDA,YC"
2010,2232412.76,44896598.314664,20.345865961165046,9957422,83667.23,4.517260144710548,0.0,4.460385721859071,Alta actividad,"CUAUTITLAN IZCALLI,EM → VILLAHERMOSA,TA","CUAUTITLAN IZCALLI,EM → VILLAHERMOSA,TA"
2011,2270037.16,48383221.605996,21.612678341463408,9253536,8703.74,5.229560391400217,0.0,4.076380846558476,Alta actividad,"CUAUTITLAN IZCALLI,EM → CUAUTITLAN IZCALLI,EM","CUAUTITLAN IZCALLI,EM → CUAUTITLAN IZCALLI,EM"
2012,3596512.12,74137240.12004,21.32149758064516,4936192,26912.559999999998,15.024568063811133,0.0,1.3724941930683665,Alta actividad,"TLALNEPANTLA,EM/ → APASEO EL ALTO,GJ","TLALNEPANTLA,EM/ → APASEO EL ALTO,GJ"
2013,1203173.79,24433010.2410186,20.342162147368416,10554025,30509.629999999997,2.3179327196039994,0.0,8.771820902115895,Alta actividad,"CUAUTITLAN,EM → MERIDA,YC","CUAUTITLAN,EM → MERIDA,YC"
2014,2260828.44,45115593.6713976,20.01497392424242,7487568,48096.2,6.031823667096926,0.0,3.3118691659770523,Alta actividad,"CUAUTITLAN IZCALLI,EM → CUAUTITLAN IZCALLI,EM","CUAUTITLAN IZCALLI,EM → CUAUTITLAN IZCALLI,EM"
2015,2401784.64,50376987.500406,21.1997622345679,8734797,8112.719999999999,5.768319540844051,0.0,3.636794429662103,Alta actividad,"CUAUTITLAN IZCALLI,EM → CUAUTITLAN IZCALLI,EM","CUAUTITLAN IZCALLI,EM → CUAUTITLAN IZCALLI,EM"
2016,1506699.35,30179184.56742486,20.03241576666666,4746300,8364.27,6.360227722104557,0.0,3.150130780901976,Alta actividad,"TLALNEPANTLA,EM → TLALNEPANTLA,EM","TLALNEPANTLA,EM → TLALNEPANTLA,EM"
2017,1763289.45,38295239.47769,21.554717881578952,6910528,20232.81,5.544507205193293,0.0,3.9191115219341897,Alta actividad,"CUAUTITLAN IZCALLI,EM → VERACRUZ,VZ","CUAUTITLAN IZCALLI,EM → VERACRUZ,VZ"
2018,2511155.62,51074951.804567,20.47404370967742,11953755,8841.0,4.27345154761554,0.0,4.760260536939562,Alta actividad,"CUAUTITLAN IZCALLI,EM → CUAUTITLAN IZCALLI,EM","CUAUTITLAN IZCALLI,EM → CUAUTITLAN IZCALLI,EM"
2019,1901959.92,37386033.413328,20.275638033898293,6002820,54437.45,6.237147018122816,0.0,3.156123289916646,Alta actividad,"CUAUTITLAN IZCALLI,EM → CUAUTITLAN IZCALLI,EM","CUAUTITLAN IZCALLI,EM → CUAUTITLAN IZCALLI,EM"
2020,1390459.14,27890009.341782,20.034746295238094,12033210,89678.78,2.325205670123101,0.0,8.65412701016155,Alta actividad,"CUAUTITLAN,EM → MERIDA,YC","CUAUTITLAN,EM → MERIDA,YC"
2021,1661267.46,33339510.244272,20.071445903508767,14416440,45229.55,2.3157409037371224,0.0,8.677976513185902,Alta actividad,"CUAUTITLAN,EM → MERIDA,YC","CUAUTITLAN,EM → MERIDA,YC"
2022,1297218.8,29650089.63764,23.139184382352937,9083372,18308.03,3.2662317108272125,0.0,7.0021896074895,Alta actividad,"CUAUTITLAN IZCALLI,EM → CIUDAD OBREGON,SO","CUAUTITLAN IZCALLI,EM → CIUDAD OBREGON,SO"
2023,4147128.88,82114763.329409,20.215713578124998,7963200,35089.53,10.316186063317385,0.0,1.9201718177613039,Alta actividad,"CUAUTITLAN IZCALLI,EM → CUAUTITLAN IZCALLI,EM","CUAUTITLAN IZCALLI,EM → CUAUTITLAN IZCALLI,EM"
2024,1286756.3,25621559.7239562,19.905926189189188,13019745,16618.079999999998,1.9691766470046994,0.0,10.118267926879394,Alta actividad,"CUAUTITLAN,EM → MERIDA,YC","CUAUTITLAN,EM → MERIDA,YC"
2025,625326.75,13994060.646177,22.57650250980392,4600506,11457.68,3.044343019262881,0.0,7.356963379545173,Alta actividad,"CUAUTITLAN IZCALLI,EM → CIUDAD OBREGON,SO","CUAUTITLAN IZCALLI,EM → CIUDAD OBREGON,SO"
2026,1557512.32,31724211.282519,20.34450516814159,14985382,14673.78,2.1179897224187547,0.0,9.62135695979599,Alta actividad,"CUAUTITLAN,EM → MERIDA,YC","CUAUTITLAN,EM → MERIDA,YC"
2027,621864.88,12557908.267828,20.20170133823529,5422524,16982.219999999998,2.319010572904426,0.0,8.71977848306854,Alta actividad,"CUAUTITLAN,EM → MERIDA,YC","CUAUTITLAN,EM → MERIDA,YC"
2028,1053799.89,21255833.961843,20.266678168539325,9707586,24371.88,2.192121279362655,0.0,9.211982362230083,Alta actividad,"CUAUTITLAN,EM → MERIDA,YC","CUAUTITLAN,EM → MERIDA,YC"
2029,1061172.95,21236530.609639,19.97533229292929,10848222,46311.4,1.9618737531034116,0.0,10.222859525395931,Alta actividad,"CUAUTITLAN,EM → MERIDA,YC","CUAUTITLAN,EM → MERIDA,YC"
2030,1378509.2,30937110.69144,22.645316675675673,9875300,21883.62,3.134992791250899,0.0,7.163753422900624,Alta actividad,"CUAUTITLAN IZCALLI,EM → CIUDAD OBREGON,SO","CUAUTITLAN IZCALLI,EM → CIUDAD OBREGON,SO"
2031,1093491.34,21918274.340112,20.05575013043478,10124968,9745.6,2.1657372092545875,0.0,9.259303324706714,Alta actividad,"CUAUTITLAN,EM → MERIDA,YC","CUAUTITLAN,EM → MERIDA,YC"
2034,2096283.24,41216224.48236,19.65385622222219,154431,1063.09,266.89775739560065,0.0,0.07366895706326403,Poca actividad,"TULTITLAN,EM → TULTITLAN,EM","TULTITLAN,EM → TULTITLAN,EM"
2035,12851515.88,251143320.590596,19.54896091666667,2842500,16043.35,88.35861528253157,0.0,0.22118013365439657,Actividad media,"TULTITLAN,EM → CUAUTITLAN,EM/","TULTITLAN,EM → CUAUTITLAN,EM/"
2036,7190972.3,140547277.4953696,19.547589107142862,858508,34751.68,163.75156571094226,0.0,0.11938691517418305,Actividad media,"TULTITLAN,EM → JILOTEPEC,EM","TULTITLAN,EM → JILOTEPEC,EM"
2037,9642363.03,188620292.029329,19.544603081081075,1325081,20375.78,142.36161246695787,0.0,0.1374228491374277,Actividad media,"TULTITLAN,EM → TULTITLAN,EM","TULTITLAN,EM → TULTITLAN,EM"
2038,101261.86,2012511.3507100001,20.232010000000013,174265,3459.8700000000003,11.568422923191692,0.0,1.720934219458343,Poca actividad,"TLAJOMULCO DE ZUNI,JA/Mex → CUAUTITLAN IZCALLI,EM/Mex","TLAJOMULCO DE ZUNI,JA/Mex → CUAUTITLAN IZCALLI,EM/Mex"
2039,665656.96,13400848.329984,20.283422095238084,646632,17815.23,20.7516231179156,0.0,0.9714192727737723,Poca actividad,"CUAUTITLAN IZCALLI,EM/Mex → TETLA DE LA SOLIDA,TL","CUAUTITLAN IZCALLI,EM/Mex → TETLA DE LA SOLIDA,TL"
2040,10815795.6,211017889.677093,19.520575063829785,1910973,29371.699999999997,110.43968772823739,0.0,0.17668353495881525,Actividad media,"TULTITLAN,EM → TULTITLAN,EM","TULTITLAN,EM → TULTITLAN,EM"
2041,725992.0,14293791.66136,19.72976052631579,1791054,44590.3,8.005555366482529,0.0,2.467043713980319,Actividad media,"TLAJOMULCO DE ZUNI,JA/Mex → VILLA DE TEZONTEPE,HG","TLAJOMULCO DE ZUNI,JA/Mex → VILLA DE TEZONTEPE,HG"
2042,9302444.69,182224789.9872531,19.576488040816315,1942556,22801.98,93.81844948987472,0.0,0.20882209620533634,Actividad media,"TULTITLAN,EM → TULTITLAN,EM","TULTITLAN,EM → TULTITLAN,EM"
2043,3906407.56,76390757.6029268,19.65162678571427,701176,9096.34,108.95959636799721,0.0,0.17949381605231177,Poca actividad,"TULTITLAN,EM → CUAUTITLAN,EM/","TULTITLAN,EM → CUAUTITLAN,EM/"
2044,411068.06,8092490.514472,19.787676666666666,1143540,24851.579999999998,7.0984330189341875,0.0,2.781875098736691,Actividad media,"TLAJOMULCO DE ZUNI,JA/Mex → GRAL. ESCOBEDO,NX","TLAJOMULCO DE ZUNI,JA/Mex → GRAL. ESCOBEDO,NX"
2045,1100820.0,21406343.8302,19.444327142857126,84602,16141.649999999998,253.21488239285122,0.0,0.07685361821187842,Poca actividad,"TULTITLAN,EM → TULTITLAN,EM","TULTITLAN,EM → TULTITLAN,EM"
2046,6269526.45,123032335.056345,19.590566916666667,700752,20454.0,175.60105294932444,0.0,0.11177112108682466,Poca actividad,"TULTITLAN,EM → TULTITLAN,EM","TULTITLAN,EM → TULTITLAN,EM"
2047,6429377.0,126467127.554,19.617554434782605,710056,25994.929999999997,178.14527654720192,0.0,0.11043931628212189,Poca actividad,"TULTITLAN,EM → TULTITLAN,EM","TULTITLAN,EM → TULTITLAN,EM"
2048,105525.5,2045361.432025,19.403875000000003,87540,46417.58,23.895122367203566,0.0,0.8295625228025454,Poca actividad,"MONTERREY,NX → MONTERREY,NX","MONTERREY,NX → MONTERREY,NX"
2049,112382.64,2161115.173143,19.391605833333333,95532,13380.0,22.761955922026125,0.0,0.850060116046393,Poca actividad,"MONTERREY,NX → MONTERREY,NX","MONTERREY,NX → MONTERREY,NX"
2050,88063.14,1710656.29856,19.435102,48660,22660.36,35.620975309494455,0.0,0.5525580850285375,Poca actividad,"MONTERREY,NX → MONTERREY,NX","MONTERREY,NX → MONTERREY,NX"
2051,610125.72,12186615.831294,20.12186161290323,1298559,19092.47,9.39942528702508,0.0,2.128346597157058,Actividad media,"TLAJOMULCO DE ZUNI,JA → AGUASCALIENTES,AG","TLAJOMULCO DE ZUNI,JA → AGUASCALIENTES,AG"
2052,120075.48,2317227.080589,19.3966345,47796,25471.36,49.014529261632774,0.0,0.3980496267847524,Poca actividad,"MONTERREY,NX → MONTERREY,NX","MONTERREY,NX → MONTERREY,NX"
2053,378573.21,7507863.21168,19.841470518518516,793827,27410.75,9.492337702900002,0.0,2.0968916421740458,Poca actividad,"TLAJOMULCO DE ZUNI,JA/Mex → CUAUTITLAN IZCALLI,EM/Mex","TLAJOMULCO DE ZUNI,JA/Mex → CUAUTITLAN IZCALLI,EM/Mex"
2054,185528.4,3610581.664692,19.465474,185790,29978.36,19.595026775886755,0.0,1.0014100267128914,Poca actividad,"MONTERREY,NX → MONTERREY,NX","MONTERREY,NX → MONTERREY,NX"
2055,121541.75,2342014.00985,19.326414615384614,112021,13380.0,21.02636121664688,0.0,0.9216668346473537,Poca actividad,"MONTERREY,NX → MONTERREY,NX","MONTERREY,NX → MONTERREY,NX"
2056,616022.99,12179200.839176,19.786706,1296210,53980.1,9.437653574016554,0.0,2.1041584827864948,Actividad media,"TLAJOMULCO DE ZUNI,JA/Mex → VILLA DE TEZONTEPE,HG","TLAJOMULCO DE ZUNI,JA/Mex → VILLA DE TEZONTEPE,HG"
2057,453472.56,9308183.726952,20.750912199999995,978930,36355.82,9.545666745274943,0.0,2.158741424177904,Actividad media,"TLAJOMULCO DE ZUNI,JA/Mex → TLAJOMULCO DE ZUNI,JA","TLAJOMULCO DE ZUNI,JA/Mex → TLAJOMULCO DE ZUNI,JA"
2058,2162234.2,42492726.1009692,19.656012703703702,697896,19685.73,60.91511031868531,0.0,0.32276614623892264,Poca actividad,"TECAMAC,EM → IZTAPALAPA,DF","TECAMAC,EM → IZTAPALAPA,DF"
2059,523061.37,10717195.917831,20.985117083333336,1020816,24334.14,10.522493826341869,0.0,1.9516180290660732,Actividad media,"TLAJOMULCO DE ZUNI,JA → AGUASCALIENTES,AG","TLAJOMULCO DE ZUNI,JA → AGUASCALIENTES,AG"
2060,672417.55,13327577.728045,19.815466382978727,2112697,25073.23,6.320192132636625,0.0,3.1419420864312655,Actividad media,"TLAJOMULCO DE ZUNI,JA/Mex → GRAL. ESCOBEDO,NX","TLAJOMULCO DE ZUNI,JA/Mex → GRAL. ESCOBEDO,NX"
2061,954510.92,19045567.44552,19.997680065217395,2433216,62925.729999999996,7.8531840886793445,0.0,2.5491756553188516,Actividad media,"TLAJOMULCO DE ZUNI,JA/Mex → GRAL. ESCOBEDO,NX","TLAJOMULCO DE ZUNI,JA/Mex → GRAL. ESCOBEDO,NX"
2062,266642.91,5268393.772032,19.77830076923077,676962,32514.0,7.830436231327608,0.0,2.53883367834532,Poca actividad,"TLAJOMULCO DE ZUNI,JA/Mex → VILLA DE TEZONTEPE,HG","TLAJOMULCO DE ZUNI,JA/Mex → VILLA DE TEZONTEPE,HG"
2063,579818.4,11533408.144,19.947166242424238,1227270,32903.86,9.424423316792556,0.0,2.1166454876216414,Actividad media,"TLAJOMULCO DE ZUNI,JA/Mex → TLAJOMULCO DE ZUNI,JA","TLAJOMULCO DE ZUNI,JA/Mex → TLAJOMULCO DE ZUNI,JA"
2064,60697.26,1179334.496556,19.380634333333337,15762,24310.0,76.36369093744449,0.0,0.2596822327729456,Poca actividad,"MONTERREY,NX → MONTERREY,NX","MONTERREY,NX → MONTERREY,NX"
2065,859103.36,17425483.5571848,20.482668604651163,1962649,14342.6,8.88586097523541,0.0,2.2845318635466634,Actividad media,"TLAJOMULCO DE ZUNI,JA → AGUASCALIENTES,AG","TLAJOMULCO DE ZUNI,JA → AGUASCALIENTES,AG"
2066,1153525.32,22627815.305932,19.6567119,375520,6267.52,60.27397429146783,0.0,0.32554118534649934,Poca actividad,"TECAMAC,EM → IZTAPALAPA,DF","TECAMAC,EM → IZTAPALAPA,DF"
2068,339562.5,6728916.7745,19.762811999999997,239820,6003.74,28.08323123384205,0.0,0.7062617338487024,Poca actividad,"APASEO EL ALTO,GJ → APASEO EL ALTO,GJ","APASEO EL ALTO,GJ → APASEO EL ALTO,GJ"
2069,1438075.08,28092761.137428,19.534768359999987,491725,16173.960000000001,57.16393329081906,0.0,0.3419327730788576,Poca actividad,"TECAMAC,EM → IZTAPALAPA,DF","TECAMAC,EM → IZTAPALAPA,DF"
2070,528033.85,10557617.828178,20.109037222222224,1216656,23358.18,8.696768855106127,0.0,2.3041250101674353,Actividad media,"TLAJOMULCO DE ZUNI,JA/Mex → VILLA DE TEZONTEPE,HG","TLAJOMULCO DE ZUNI,JA/Mex → VILLA DE TEZONTEPE,HG"
2071,320766.75,6403379.033205,20.1765939090909,609070,74992.99,10.636498305950054,0.0,1.8987940614169019,Poca actividad,"TLAJOMULCO DE ZUNI,JA/Mex → VILLA DE TEZONTEPE,HG","TLAJOMULCO DE ZUNI,JA/Mex → VILLA DE TEZONTEPE,HG"
2072,1897150.7,37443114.25845,19.852754615384615,702208,18312.0,53.34804823990898,0.0,0.37013822887132797,Poca actividad,"TECAMAC,EM → IZTAPALAPA,DF","TECAMAC,EM → IZTAPALAPA,DF"
2073,3450.63,68305.3244256,19.741216666666666,5394,38321.0,19.767579611716723,0.0,1.5631928082697941,Poca actividad,"MONTERREY,NX → MONTERREY,NX","MONTERREY,NX → MONTERREY,NX"
2074,254619.6,5031639.91977,19.792418235294118,380273,37916.35,13.331360022326063,0.0,1.4934946092131163,Poca actividad,"TLAJOMULCO DE ZUNI,JA → AGUASCALIENTES,AG","TLAJOMULCO DE ZUNI,JA → AGUASCALIENTES,AG"
2075,419692.37,8348065.187995,19.85805930000001,432420,12858.62,19.33519219276398,0.0,1.030326093371676,Poca actividad,"TECAMAC,EM → IZTAPALAPA,DF","TECAMAC,EM → IZTAPALAPA,DF"
2076,83116.2,1621713.43844,19.491267666666666,20700,8880.0,78.7726298763285,0.0,0.24904892187082664,Poca actividad,"MONTERREY,NX → MONTERREY,NX","MONTERREY,NX → MONTERREY,NX"
2077,751566.4,15363042.10196,20.5943665952381,1839978,18650.0,8.35971522592118,0.0,2.448190871757971,Actividad media,"TLAJOMULCO DE ZUNI,JA/Mex → TLAJOMULCO DE ZUNI,JA","TLAJOMULCO DE ZUNI,JA/Mex → TLAJOMULCO DE ZUNI,JA"
2078,1245219.36,24720397.60666,19.866900444444443,783000,7372.87,31.580805206462326,0.0,0.6288048717777726,Poca actividad,"QUERETARO,QA → QUERETARO,QA","QUERETARO,QA → QUERETARO,QA"
2079,905863.14,17978722.96038,19.828473684210525,678718,5583.03,26.497464323003072,0.0,0.7492500467565111,Poca actividad,"QUERETARO,QA → QUERETARO,QA","QUERETARO,QA → QUERETARO,QA"
2080,208683.54,4176869.799069,20.457913538461543,240617,24484.13,17.460752686090345,0.0,1.1530233769275717,Poca actividad,"TLAJOMULCO DE ZUNI,JA → AGUASCALIENTES,AG","TLAJOMULCO DE ZUNI,JA → AGUASCALIENTES,AG"
2081,103520.2,2023489.59822,19.50699575,49224,8880.0,41.28818458922477,0.0,0.4755013997268166,Poca actividad,"MONTERREY,NX → MONTERREY,NX","MONTERREY,NX → MONTERREY,NX"
2082,965692.4400000001,19002543.6030858,19.674114549999985,341140,11134.73,55.73570479300522,0.0,0.35325947047902745,Poca actividad,"TECAMAC,EM → IZTAPALAPA,DF","TECAMAC,EM → IZTAPALAPA,DF"
2083,4400.0,86724.475,19.76604750000005,440,4575.17,207.49919318181819,0.0,0.1,Poca actividad,"TUXTLA GUTIERREZ,CH → TUXTLA GUTIERREZ,CH","TUXTLA GUTIERREZ,CH → TUXTLA GUTIERREZ,CH"
2084,657594.68,13016113.535358,19.781601650000002,1746400,18450.0,7.463675867703849,0.0,2.6557392465522986,Actividad media,"TLAJOMULCO DE ZUNI,JA/Mex → VILLA DE TEZONTEPE,HG","TLAJOMULCO DE ZUNI,JA/Mex → VILLA DE TEZONTEPE,HG"
2085,401121.33,7976358.831047,19.845957333333327,715770,58437.26,11.22538817084678,0.0,1.78442268328139,Poca actividad,"TLAJOMULCO DE ZUNI,JA/Mex → VILLA DE TEZONTEPE,HG","TLAJOMULCO DE ZUNI,JA/Mex → VILLA DE TEZONTEPE,HG"
2086,1360622.83,26664341.596298,19.578448647058817,1513850,12664.25,17.621961123161476,0.0,1.1126154630229157,Actividad media,"CUAUTITLAN IZCALLI,EM → QUERETARO,QA","CUAUTITLAN IZCALLI,EM → QUERETARO,QA"
2087,509085.2,10032977.788392,19.651866818181784,532400,79142.84,18.99346474153268,0.0,1.04579744215703,Poca actividad,"TULTEPEC,EM → PUEBLA,PU","TULTEPEC,EM → PUEBLA,PU"
2088,2304163.68,45122103.392016,19.60414936,1090775,7210.51,41.37362325137265,0.0,0.4733930186765204,Actividad media,"CUAUTITLAN IZCALLI,EM → CUAUTITLAN IZCALLI,EM","CUAUTITLAN IZCALLI,EM → CUAUTITLAN IZCALLI,EM"
2089,130748.8,2622682.828032,20.19931425,256656,3139.5,10.23090178305592,0.0,1.9629702146405932,Poca actividad,"CUAUTITLAN IZCALLI,EM/Mex → VILLAHERMOSA,TA/","CUAUTITLAN IZCALLI,EM/Mex → VILLAHERMOSA,TA/"
2090,93208.05,1840606.962987,19.75143399999998,51300,11880.52,36.11086711475633,0.0,0.5503816462204713,Poca actividad,"CUAUTITLAN IZCALLI,EM → CUAUTITLAN IZCALLI,EM","CUAUTITLAN IZCALLI,EM → CUAUTITLAN IZCALLI,EM"
2091,110546.24,2209581.870176,20.418367857142858,178206,100.0,12.399593000101007,0.0,1.6120494012279385,Poca actividad,"CUAUTITLAN IZCALLI,EM/Mex → LEON,GJ","CUAUTITLAN IZCALLI,EM/Mex → LEON,GJ"
2092,78227.46,1543257.13644,19.624564222222244,134640,22564.010000000002,11.629687659239453,0.0,1.7211347524258105,Poca actividad,"JILOTEPEC,EM → LA PAZ,BS/","JILOTEPEC,EM → LA PAZ,BS/"
2093,100561.56,1976906.08834,19.694769999999988,53515,2414.29,36.98627260282164,0.0,0.532161593356348,Poca actividad,"TLALNEPANTLA,EM → CUAUTITLAN IZCALLI,EM","TLALNEPANTLA,EM → CUAUTITLAN IZCALLI,EM"
2094,34901.88,679926.21762,19.4760475,30940,15674.12,22.482234570782158,0.0,0.8864851979320313,Poca actividad,"SAN LUIS POTOSI,SL → SAN NICOLAS DE LOS,NX","SAN LUIS POTOSI,SL → SAN NICOLAS DE LOS,NX"
2095,64643.8,1276951.15036,19.761836000000002,80400,19429.65,16.1241393079602,0.0,1.2437387653572345,Poca actividad,"CUAUTITLAN IZCALLI,EM → QUERETARO,QA","CUAUTITLAN IZCALLI,EM → QUERETARO,QA"
2096,2912.0,57207.99602,19.706126666666666,3246,9417.48,20.525408508934074,0.0,1.1146978021978022,Poca actividad,"SAN LUIS POTOSI,SL → SAN NICOLAS DE LOS,NX","SAN LUIS POTOSI,SL → SAN NICOLAS DE LOS,NX"
2097,84606.4,1664734.1822,19.66891888888889,125244,12817.2,13.394265451438791,0.0,1.4803135460201593,Poca actividad,"SAN LUIS POTOSI,SL → SAN NICOLAS DE LOS,NX","SAN LUIS POTOSI,SL → SAN NICOLAS DE LOS,NX"
2098,3625.0,71173.93875,19.63419,2912,17717.28,30.525830614697803,0.0,0.8033103448275862,Poca actividad,"SAN LUIS POTOSI,SL → SAN NICOLAS DE LOS,NX","SAN LUIS POTOSI,SL → SAN NICOLAS DE LOS,NX"
2099,132403.88,2604302.7542,19.744128333333283,49584,14125.090000000002,52.80791876815101,0.0,0.37449053607794575,Poca actividad,"SAN MATEO ATENCO,EM → CUAUTITLAN IZCALLI,EM","SAN MATEO ATENCO,EM → CUAUTITLAN IZCALLI,EM"
2101,96209.12,1926355.42904,19.98074599999996,37015,22044.36,52.63811398189924,0.0,0.3847348359490244,Poca actividad,"CUAUTITLAN IZCALLI,EM → CUAUTITLAN IZCALLI,EM","CUAUTITLAN IZCALLI,EM → CUAUTITLAN IZCALLI,EM"
2103,284140.8,5597685.773136,19.76480899999999,157620,20606.59,35.64453979911179,0.0,0.5547249814176634,Poca actividad,"CUAUTITLAN IZCALLI,EM → CUAUTITLAN IZCALLI,EM","CUAUTITLAN IZCALLI,EM → CUAUTITLAN IZCALLI,EM"
2104,192748.28,3792666.842061,19.7074857142857,104587,15890.060000000001,36.41520363009743,0.0,0.5426092518179669,Poca actividad,"CUAUTITLAN IZCALLI,EM → CUAUTITLAN IZCALLI,EM","CUAUTITLAN IZCALLI,EM → CUAUTITLAN IZCALLI,EM"
2105,267585.57,5208860.3836311,19.484386874999984,240032,13782.65,21.75811155858844,0.0,0.8970289391913024,Poca actividad,"CUAUTITLAN IZCALLI,EM → CUAUTITLAN IZCALLI,EM","CUAUTITLAN IZCALLI,EM → CUAUTITLAN IZCALLI,EM"
2108,38479.2,754508.802384,19.65946,38916,8505.7,19.60670424462946,0.0,1.0113515873510885,Poca actividad,"CUAUTITLAN IZCALLI,EM → QUERETARO,QA","CUAUTITLAN IZCALLI,EM → QUERETARO,QA"
2113,5796.0,113841.95964,19.722095,8900,25719.58,15.681071869662922,0.0,1.5355417529330573,Poca actividad,"APASEO EL ALTO,GJ → APASEO EL ALTO,GJ","APASEO EL ALTO,GJ → APASEO EL ALTO,GJ"
2115,13792.0,270794.74848,19.63419,14384,9367.1,19.477325394883202,0.0,1.04292343387471,Poca actividad,"APASEO EL ALTO,GJ → TLALNEPANTLA,EM/","APASEO EL ALTO,GJ → TLALNEPANTLA,EM/"
2117,11292.0,221709.27347999997,19.63419,7699,9636.88,30.04885744642161,0.0,0.6818101310662416,Poca actividad,"APASEO EL ALTO,GJ → TLALNEPANTLA,EM/","APASEO EL ALTO,GJ → TLALNEPANTLA,EM/"
2137,2449.2599999999998,48490.424988,19.79799,13164,21564.03,5.321669324521422,0.0,5.3746845986134595,Poca actividad,"APASEO EL ALTO,GJ → APASEO EL ALTO,GJ","APASEO EL ALTO,GJ → APASEO EL ALTO,GJ"
308,3018318.55,61070421.3593825,20.50162072131148,4330756,11035.97,14.104109612590157,0.0,1.434824034726222,Alta actividad,"APASEO EL ALTO,GJ → TLALNEPANTLA,EM/","APASEO EL ALTO,GJ → TLALNEPANTLA,EM/"
309,3226453.08,65662412.318466,20.629931972602733,5767073,15782.67,11.38847990799943,0.0,1.787434330208825,Alta actividad,"TLALNEPANTLA,EM/ → APASEO EL ALTO,GJ","TLALNEPANTLA,EM/ → APASEO EL ALTO,GJ"
DC01,119011.85,2861126.51938,24.581167999999998,2750,106421.26,1091.9668288654545,35361.0,0.02310694271200725,Poca actividad,"TULTITLAN,EM → TULTITLAN,EM","TULTITLAN,EM → TULTITLAN,EM"
DC02,1239.52,24087.69628,19.433084,0,81901.66,0.0,16569.0,0.0,Poca actividad,"TULTITLAN,EM → TULTITLAN,EM","TULTITLAN,EM → TULTITLAN,EM"
DC04,11298.0,218873.21652000002,19.37274,0,77044.37000000001,0.0,1152.0,0.0,Poca actividad,"TULTITLAN,EM → TULTITLAN,EM","TULTITLAN,EM → TULTITLAN,EM"
DC05,665.69,12936.40969,19.433084,0,99431.19,0.0,1051.0,0.0,Poca actividad,"TULTITLAN,EM → TULTITLAN,EM","TULTITLAN,EM → TULTITLAN,EM"
DC07,5848.52,114286.7828,19.510001285714313,2128,22191.06,64.13432462406016,0.0,0.3638527353928857,Poca actividad,"TLALNEPANTLA,EM/ → ATITALAQUIA,HG/Mex","TLALNEPANTLA,EM/ → ATITALAQUIA,HG/Mex"
DC08,25346.56,501979.868096,19.807615,6800,47194.41999999999,80.9619541317647,1367.0,0.26828098171901826,Poca actividad,"PESQUERIA,NX → PESQUERIA,NX","PESQUERIA,NX → PESQUERIA,NX"
TT01,227610.66,5822381.5636,25.587647058823528,146421,19455.64,39.89753658013536,0.0,0.6432958807816822,Poca actividad,"TLALNEPANTLA,EM/ → APASEO EL ALTO,GJ","TLALNEPANTLA,EM/ → APASEO EL ALTO,GJ"
TT02,2754.76,70508.1924,25.836250000000007,0,5792.96,0.0,0.0,0.0,Poca actividad,"APASEO EL ALTO,GJ → APASEO EL ALTO,GJ","APASEO EL ALTO,GJ → APASEO EL ALTO,GJ"
