Ruta,cantidad_unidades,unidades
"JILOTEPEC,EM → TULTITLAN,EM",80,"1628, 1633, 1639, 1640, 1641, 1649, 1693, 1718, 1724, 1727, 1733, 1740, 1743, 1748, 1749, 1751, 1752, 1759, 1762, 1777, 1783, 1788, 1802, 1807, 1809, 1810, 1823, 1827, 1829, 1831, 1832, 1833, 1837, 1838, 1839, 1848, 1849, 1852, 1855, 1864, 1865, 1874, 1877, 1879, 1880, 1881, 1884, 1885, 1886, 1887, 1892, 1897, 1898, 1899, 1907, 1909, 1931, 1933, 1934, 1935, 1936, 1939, 1947, 1948, 1955, 1958, 1959, 1976, 2002, 2003, 2034, 2035, 2036, 2037, 2040, 2042, 2043, 2045, 2046, 2047"
"TULTITLAN,EM → TULTITLAN,EM",73,"1628, 1630, 1633, 1639, 1640, 1641, 1649, 1693, 1718, 1724, 1727, 1733, 1741, 1743, 1748, 1749, 1751, 1752, 1759, 1762, 1765, 1777, 1783, 1788, 1802, 1807, 1809, 1823, 1825, 1827, 1828, 1829, 1831, 1832, 1833, 1836, 1837, 1838, 1839, 1855, 1859, 1864, 1880, 1881, 1883, 1884, 1885, 1892, 1893, 1896, 1897, 1899, 1900, 1901, 1939, 1955, 1958, 1959, 1965, 2034, 2035, 2036, 2037, 2040, 2042, 2043, 2045, 2046, 2047, DC01, DC02, DC04, DC05"
"TULTITLAN,EM → JILOTEPEC,EM",65,"1628, 1633, 1639, 1640, 1641, 1649, 1693, 1718, 1724, 1727, 1733, 1741, 1743, 1748, 1749, 1751, 1752, 1759, 1777, 1783, 1788, 1789, 1793, 1802, 1807, 1809, 1823, 1827, 1831, 1832, 1833, 1836, 1837, 1838, 1839, 1850, 1854, 1855, 1864, 1884, 1885, 1892, 1893, 1896, 1897, 1898, 1899, 1900, 1939, 1958, 1959, 1976, 1983, 2002, 2003, 2034, 2035, 2036, 2037, 2040, 2042, 2043, 2045, 2046, 2047"
"CUAUTITLAN IZCALLI,EM → CUAUTITLAN IZCALLI,EM",62,"1905, 1910, 1912, 1916, 1917, 1918, 1919, 1920, 1922, 1923, 1926, 1927, 1928, 1941, 1942, 1944, 1945, 1946, 1949, 1950, 1952, 1953, 1954, 1956, 1960, 1963, 1964, 1976, 1977, 1980, 1983, 1985, 1989, 1990, 1993, 1994, 2003, 2004, 2007, 2010, 2011, 2013, 2014, 2015, 2016, 2017, 2018, 2019, 2023, 2025, 2026, 2028, 2039, 2086, 2087, 2088, 2090, 2093, 2101, 2103, 2104, 2105"
"TULTITLAN,EM → CUAUTITLAN,EM/",50,"1628, 1633, 1635, 1639, 1640, 1641, 1649, 1693, 1718, 1724, 1727, 1733, 1743, 1748, 1749, 1750, 1751, 1752, 1759, 1777, 1783, 1788, 1802, 1807, 1823, 1831, 1832, 1833, 1837, 1838, 1839, 1848, 1864, 1873, 1884, 1885, 1900, 1958, 1959, 2026, 2034, 2035, 2036, 2037, 2040, 2042, 2043, 2045, 2046, 2047"
"TULTITLAN,EM → MEXICO D.F.,DF/MX",47,"1628, 1633, 1639, 1640, 1641, 1649, 1693, 1724, 1727, 1728, 1733, 1743, 1748, 1749, 1751, 1752, 1759, 1777, 1783, 1788, 1802, 1807, 1823, 1831, 1832, 1833, 1837, 1838, 1839, 1864, 1884, 1885, 1887, 1892, 1900, 2003, 2034, 2035, 2036, 2037, 2040, 2042, 2043, 2045, 2046, 2047, 2049"
"CUAUTITLAN,EM → EL SALTO,JA",46,"1889, 1930, 1942, 1945, 1946, 1949, 1950, 1951, 1952, 1954, 1956, 1957, 1960, 1961, 1963, 1964, 1974, 1976, 1977, 1978, 1979, 1980, 1981, 1982, 1983, 1984, 1987, 1988, 1990, 1992, 1994, 1995, 1996, 2003, 2004, 2011, 2014, 2015, 2016, 2017, 2018, 2019, 2020, 2021, 2038, 2087"
"DELEG. ALVARO OBRE,DF/MEX → TULTITLAN,EM",45,"1628, 1639, 1640, 1641, 1649, 1693, 1718, 1724, 1727, 1733, 1743, 1748, 1749, 1751, 1752, 1759, 1777, 1783, 1788, 1802, 1807, 1823, 1831, 1832, 1833, 1837, 1838, 1839, 1848, 1855, 1864, 1865, 1884, 1885, 1959, 2034, 2035, 2036, 2037, 2040, 2042, 2043, 2045, 2046, 2047"
"CUAUTITLAN IZCALLI,EM → QUERETARO,QA",44,"1910, 1917, 1918, 1919, 1922, 1924, 1925, 1926, 1927, 1928, 1930, 1941, 1942, 1944, 1946, 1949, 1950, 1951, 1952, 1953, 1960, 1961, 1964, 1976, 1977, 1978, 1980, 1981, 1983, 1984, 1986, 1989, 1990, 1994, 2004, 2010, 2015, 2017, 2086, 2088, 2090, 2095, 2104, 2108"
"TULTITLAN,EM → CULIACAN,SI/",43,"1741, 1762, 1765, 1774, 1789, 1793, 1810, 1821, 1825, 1828, 1829, 1847, 1849, 1850, 1852, 1854, 1855, 1858, 1859, 1869, 1871, 1873, 1877, 1878, 1879, 1880, 1883, 1886, 1888, 1891, 1896, 1909, 1931, 1932, 1933, 1934, 1936, 1937, 1943, 1947, 1955, 1965, 2091"
"TLALNEPANTLA,EM → QUERETARO,QA",43,"1904, 1905, 1906, 1910, 1916, 1917, 1918, 1923, 1926, 1927, 1928, 1930, 1937, 1941, 1942, 1944, 1945, 1946, 1949, 1950, 1951, 1952, 1953, 1956, 1961, 1964, 1976, 1977, 1978, 1980, 1981, 1983, 1987, 1988, 1989, 1990, 2002, 2004, 2007, 2010, 2016, 2086, 2108"
"TLALNEPANTLA,EM → TULTITLAN,EM",43,"1628, 1639, 1640, 1641, 1649, 1693, 1718, 1724, 1727, 1733, 1743, 1748, 1749, 1751, 1752, 1759, 1777, 1783, 1788, 1802, 1807, 1823, 1831, 1832, 1833, 1837, 1838, 1839, 1848, 1864, 1884, 1885, 1958, 2034, 2035, 2036, 2037, 2040, 2042, 2043, 2045, 2046, 2047"
"TLALNEPANTLA,EM/ → APASEO EL ALTO,GJ",43,"1712, 1782, 1784, 1786, 1787, 1790, 1799, 1800, 1801, 1803, 1804, 1805, 1806, 1808, 1822, 1834, 1835, 1846, 1848, 1853, 1882, 1890, 1895, 1903, 1938, 1966, 1967, 1968, 1969, 1970, 1971, 1972, 1973, 1975, 2012, 2068, 2113, 2115, 2117, 2137, 308, 309, TT01"
"JILOTEPEC,EM → DELEG. ALVARO OBRE,DF/MEX",43,"1628, 1639, 1640, 1641, 1649, 1693, 1718, 1724, 1727, 1733, 1743, 1748, 1749, 1751, 1752, 1759, 1777, 1783, 1788, 1802, 1807, 1823, 1831, 1832, 1833, 1837, 1838, 1839, 1855, 1864, 1883, 1884, 1885, 2034, 2035, 2036, 2037, 2040, 2042, 2043, 2045, 2046, 2047"
"APASEO EL ALTO,GJ → APASEO EL ALTO,GJ",43,"1712, 1778, 1782, 1786, 1787, 1790, 1799, 1800, 1801, 1803, 1804, 1805, 1806, 1808, 1822, 1834, 1835, 1846, 1848, 1853, 1882, 1895, 1903, 1938, 1966, 1967, 1968, 1969, 1970, 1971, 1972, 1973, 1975, 2012, 2068, 2113, 2117, 2137, 308, 309, DC01, TT01, TT02"
"TUXTLA GUTIERREZ,CH → TUXTLA GUTIERREZ,CH",42,"1682, 1701, 1705, 1714, 1715, 1716, 1717, 1719, 1721, 1722, 1723, 1725, 1726, 1728, 1729, 1730, 1736, 1737, 1738, 1739, 1742, 1746, 1753, 1755, 1758, 1761, 1763, 1769, 1770, 1791, 1798, 1811, 1813, 1814, 1816, 1817, 1818, 1819, 1820, 1824, 1826, 2083"
"JILOTEPEC,EM → TLALNEPANTLA,EM",42,"1628, 1639, 1640, 1641, 1649, 1693, 1718, 1724, 1727, 1733, 1743, 1748, 1749, 1751, 1752, 1759, 1777, 1783, 1788, 1802, 1807, 1823, 1831, 1832, 1833, 1837, 1838, 1839, 1864, 1884, 1885, 1958, 2034, 2035, 2036, 2037, 2040, 2042, 2043, 2045, 2046, 2047"
"APASEO EL ALTO,GJ → TLALNEPANTLA,EM/",42,"1712, 1782, 1784, 1786, 1787, 1790, 1799, 1800, 1801, 1803, 1804, 1805, 1806, 1808, 1822, 1834, 1835, 1846, 1848, 1853, 1882, 1890, 1895, 1903, 1938, 1966, 1967, 1968, 1969, 1970, 1971, 1972, 1973, 1975, 2012, 2068, 2113, 2115, 2117, 2137, 308, 309"
"TULTITLAN,EM → LA PAZ,BS/",41,"1740, 1774, 1810, 1821, 1825, 1828, 1829, 1847, 1849, 1851, 1852, 1855, 1857, 1859, 1869, 1870, 1872, 1873, 1875, 1876, 1877, 1878, 1879, 1880, 1881, 1883, 1886, 1887, 1891, 1902, 1907, 1909, 1931, 1932, 1934, 1936, 1937, 1943, 1947, 1955, 1965"
"TULTITLAN,EM → DELEG. ALVARO OBRE,DF/MEX",40,"1628, 1639, 1640, 1649, 1693, 1724, 1727, 1733, 1743, 1748, 1749, 1751, 1752, 1759, 1777, 1783, 1788, 1802, 1807, 1823, 1831, 1832, 1833, 1837, 1838, 1839, 1848, 1864, 1884, 1885, 1959, 2034, 2035, 2036, 2037, 2040, 2042, 2043, 2045, 2047"
"TULTITLAN,EM → TLALNEPANTLA,EM",40,"1628, 1639, 1640, 1649, 1693, 1718, 1724, 1727, 1733, 1743, 1748, 1749, 1751, 1752, 1759, 1777, 1783, 1788, 1802, 1807, 1823, 1831, 1833, 1837, 1838, 1839, 1854, 1864, 1884, 1885, 2034, 2035, 2036, 2037, 2040, 2042, 2043, 2045, 2046, 2047"
"TLAQUEPAQUE,JA → JILOTEPEC,EM",40,"1740, 1774, 1785, 1810, 1825, 1828, 1829, 1847, 1849, 1851, 1855, 1859, 1860, 1869, 1870, 1871, 1873, 1875, 1876, 1877, 1878, 1879, 1880, 1881, 1883, 1886, 1888, 1907, 1909, 1931, 1932, 1933, 1934, 1935, 1936, 1943, 1947, 1955, 1965, 2089"
"TLAQUEPAQUE,JA → TULTITLAN,EM",39,"1741, 1810, 1821, 1825, 1828, 1829, 1847, 1852, 1855, 1859, 1865, 1870, 1871, 1872, 1873, 1876, 1877, 1878, 1880, 1881, 1883, 1888, 1891, 1905, 1909, 1931, 1932, 1933, 1934, 1935, 1936, 1943, 1944, 1947, 1955, 1964, 1965, 1977, 2091"
"JILOTEPEC,EM → LA PAZ,BS/",39,"1774, 1821, 1828, 1829, 1847, 1849, 1851, 1852, 1855, 1859, 1860, 1869, 1870, 1871, 1872, 1873, 1875, 1876, 1877, 1878, 1879, 1880, 1881, 1883, 1886, 1888, 1891, 1907, 1909, 1931, 1932, 1933, 1934, 1936, 1947, 1955, 1965, 2051, 2092"
"DELEG. ALVARO OBRE,DF/MEX → JILOTEPEC,EM",39,"1628, 1639, 1640, 1641, 1649, 1693, 1724, 1727, 1733, 1743, 1748, 1749, 1751, 1752, 1759, 1777, 1783, 1788, 1802, 1807, 1823, 1831, 1832, 1833, 1837, 1838, 1839, 1848, 1864, 1884, 1885, 2035, 2036, 2037, 2040, 2042, 2043, 2045, 2047"
"TULTITLAN,EM → TAMPICO,TM/Mex",39,"1741, 1750, 1762, 1821, 1825, 1828, 1829, 1849, 1852, 1855, 1859, 1869, 1871, 1872, 1873, 1874, 1875, 1877, 1878, 1879, 1880, 1881, 1883, 1887, 1891, 1908, 1909, 1931, 1932, 1933, 1934, 1935, 1936, 1943, 1947, 1948, 1955, 1965, 2091"
"JILOTEPEC,EM → MAZATLAN,SI/",39,"1741, 1774, 1810, 1821, 1825, 1828, 1829, 1847, 1849, 1851, 1852, 1855, 1859, 1860, 1869, 1870, 1871, 1872, 1873, 1874, 1875, 1876, 1877, 1878, 1879, 1880, 1881, 1883, 1886, 1909, 1931, 1932, 1933, 1934, 1936, 1943, 1947, 1955, 1965"
"TULTITLAN,EM → MAZATLAN,SI/",38,"1803, 1810, 1821, 1825, 1828, 1829, 1847, 1849, 1851, 1852, 1855, 1859, 1869, 1870, 1871, 1873, 1875, 1876, 1877, 1878, 1879, 1880, 1881, 1883, 1888, 1891, 1909, 1931, 1932, 1933, 1934, 1936, 1937, 1943, 1947, 1955, 1965, 2089"
"TULTITLAN,EM → COLIMA,CL/",37,"1750, 1774, 1821, 1825, 1828, 1829, 1847, 1851, 1855, 1859, 1869, 1870, 1871, 1873, 1875, 1876, 1877, 1879, 1880, 1881, 1883, 1886, 1888, 1909, 1931, 1933, 1934, 1935, 1936, 1937, 1943, 1947, 1955, 1965, 1977, 2057, 2063"
"CUAUTITLAN IZCALLI,EM/Mex → SANTA CATARINA,NX",36,"1805, 1821, 1825, 1847, 1849, 1851, 1852, 1859, 1862, 1869, 1870, 1871, 1872, 1874, 1875, 1877, 1878, 1879, 1880, 1881, 1883, 1886, 1888, 1891, 1907, 1908, 1909, 1931, 1932, 1933, 1934, 1940, 1947, 1948, 1955, 1965"
"TLAJOMULCO DE ZUNI,JA/Mex → GRAL. ESCOBEDO,NX",36,"1718, 1727, 1748, 1774, 1788, 1851, 1869, 1884, 1886, 1889, 1904, 1905, 1906, 1933, 1941, 1942, 2038, 2039, 2041, 2044, 2051, 2053, 2056, 2057, 2059, 2060, 2061, 2062, 2063, 2065, 2070, 2071, 2074, 2077, 2084, 2085"
"CUAUTITLAN IZCALLI,EM/Mex → SAN PEDRO GARZA GA,NX/Mex",35,"1765, 1821, 1825, 1829, 1847, 1849, 1851, 1855, 1862, 1868, 1869, 1871, 1872, 1873, 1875, 1877, 1879, 1880, 1881, 1883, 1886, 1887, 1888, 1908, 1909, 1931, 1932, 1934, 1936, 1940, 1943, 1947, 1948, 1955, 1965"
"JILOTEPEC,EM → ALTAMIRA,TM/",35,"1740, 1762, 1766, 1785, 1810, 1825, 1828, 1849, 1851, 1855, 1859, 1869, 1870, 1872, 1873, 1874, 1877, 1878, 1880, 1881, 1883, 1887, 1888, 1891, 1907, 1932, 1934, 1935, 1936, 1937, 1943, 1947, 1965, 2089, 2091"
"TEPOTZOTLAN,EM → EL SALTO,JA",35,"1889, 1937, 1942, 1945, 1946, 1949, 1950, 1951, 1954, 1956, 1957, 1960, 1974, 1976, 1977, 1978, 1979, 1980, 1981, 1982, 1983, 1984, 1990, 1992, 2003, 2011, 2014, 2015, 2016, 2017, 2018, 2019, 2021, 2038, 2087"
"CUAUTITLAN,EM → LEON,GJ",35,"1905, 1906, 1944, 1945, 1950, 1951, 1952, 1954, 1956, 1957, 1963, 1964, 1974, 1976, 1977, 1978, 1979, 1980, 1981, 1982, 1984, 1986, 1987, 1988, 1989, 1990, 1991, 1992, 1996, 2003, 2004, 2014, 2015, 2016, 2087"
"CUAUTITLAN IZCALLI,EM/Mex → LEON,GJ",35,"1750, 1766, 1784, 1785, 1805, 1810, 1812, 1821, 1825, 1828, 1849, 1851, 1855, 1859, 1862, 1869, 1872, 1874, 1875, 1876, 1880, 1881, 1886, 1891, 1907, 1921, 1933, 1935, 1936, 1954, 1957, 1960, 1965, 1974, 2091"
"VILLAHERMOSA,TA → TUXTLA GUTIERREZ,CH",35,"1682, 1701, 1705, 1715, 1721, 1722, 1723, 1725, 1728, 1729, 1730, 1736, 1737, 1738, 1739, 1746, 1753, 1755, 1758, 1761, 1763, 1769, 1770, 1791, 1798, 1811, 1813, 1814, 1816, 1817, 1818, 1819, 1820, 1824, 1826"
"APASEO EL ALTO,GJ → TLAQUEPAQUE,JA/Mex",34,"1782, 1786, 1787, 1790, 1799, 1800, 1801, 1803, 1805, 1806, 1808, 1822, 1834, 1835, 1848, 1853, 1882, 1895, 1903, 1938, 1966, 1967, 1968, 1969, 1970, 1971, 1972, 1973, 1975, 2012, 2113, 2115, 308, 309"
"CUAUTITLAN IZCALLI,EM/Mex → VILLAHERMOSA,TA/",34,"1805, 1810, 1821, 1825, 1828, 1829, 1849, 1851, 1852, 1859, 1860, 1865, 1870, 1871, 1877, 1878, 1879, 1880, 1883, 1887, 1888, 1891, 1907, 1909, 1932, 1933, 1934, 1936, 1955, 1965, 1991, 2018, 2020, 2089"
"APODACA,NX → TEPOTZOTLAN,EM",34,"1745, 1764, 1774, 1784, 1792, 1821, 1825, 1846, 1847, 1849, 1851, 1852, 1855, 1859, 1862, 1869, 1870, 1874, 1875, 1877, 1878, 1880, 1883, 1886, 1887, 1888, 1891, 1908, 1932, 1933, 1936, 1940, 1948, 1965"
"JILOTEPEC,EM → TLAQUEPAQUE,JA",34,"1741, 1762, 1810, 1821, 1828, 1829, 1847, 1852, 1855, 1859, 1860, 1865, 1869, 1870, 1875, 1876, 1878, 1881, 1886, 1888, 1905, 1907, 1909, 1931, 1933, 1935, 1936, 1943, 1944, 1955, 1965, 1977, 2089, 2092"
"TLALNEPANTLA,EM → CUAUTITLAN IZCALLI,EM",33,"1701, 1738, 1761, 1910, 1912, 1916, 1919, 1922, 1923, 1928, 1942, 1945, 1961, 1963, 1964, 1980, 1986, 1994, 2003, 2004, 2008, 2010, 2011, 2019, 2039, 2087, 2088, 2090, 2093, 2101, 2103, 2104, 2105"
"CUAUTITLAN IZCALLI,EM → MERIDA,YC",33,"1758, 1937, 1944, 1963, 1964, 1991, 1992, 1995, 1996, 1997, 1998, 1999, 2000, 2001, 2002, 2004, 2005, 2006, 2008, 2009, 2013, 2014, 2015, 2018, 2019, 2020, 2021, 2024, 2026, 2027, 2028, 2029, 2031"
"TLALNEPANTLA,EM → JILOTEPEC,EM",33,"1639, 1640, 1718, 1724, 1727, 1733, 1748, 1751, 1752, 1759, 1777, 1783, 1788, 1802, 1807, 1823, 1832, 1833, 1837, 1838, 1839, 1855, 1864, 1884, 1885, 2034, 2035, 2036, 2037, 2040, 2043, 2045, 2047"
"CUAUTITLAN IZCALLI,EM/Mex → VERACRUZ,VZ",33,"1762, 1785, 1786, 1810, 1821, 1825, 1829, 1849, 1851, 1852, 1854, 1855, 1859, 1865, 1869, 1870, 1872, 1875, 1877, 1879, 1881, 1883, 1886, 1887, 1888, 1907, 1909, 1931, 1933, 1935, 1936, 1943, 2091"
"TLAQUEPAQUE,JA/Mex → APASEO EL ALTO,GJ",33,"1782, 1786, 1787, 1790, 1799, 1800, 1801, 1803, 1805, 1806, 1808, 1822, 1834, 1835, 1848, 1853, 1882, 1895, 1903, 1938, 1966, 1967, 1968, 1969, 1970, 1971, 1972, 1973, 1975, 2012, 2113, 2115, 308"
"JILOTEPEC,EM → CULIACAN,SI",32,"1740, 1774, 1821, 1825, 1828, 1829, 1847, 1849, 1851, 1852, 1855, 1859, 1869, 1870, 1873, 1876, 1877, 1878, 1879, 1880, 1881, 1886, 1888, 1909, 1931, 1932, 1933, 1934, 1935, 1947, 1955, 2089"
"CUAUTITLAN IZCALLI,EM → VILLAHERMOSA,TA",32,"1701, 1730, 1738, 1758, 1761, 1798, 1854, 1905, 1941, 1942, 1944, 1945, 1946, 1953, 1956, 1960, 1961, 1963, 1964, 1976, 1980, 1982, 1989, 1990, 1994, 1996, 2002, 2004, 2010, 2011, 2015, 2017"
"TULTITLAN,EM → TLAQUEPAQUE,JA",31,"1774, 1810, 1812, 1821, 1828, 1847, 1851, 1855, 1859, 1869, 1870, 1873, 1876, 1879, 1880, 1881, 1883, 1891, 1907, 1909, 1931, 1932, 1933, 1934, 1935, 1937, 1943, 1955, 1964, 1977, 2091"
"TEPOTZOTLAN,EM → MERIDA,YC",31,"1715, 1813, 1824, 1963, 1991, 1995, 1996, 1997, 1998, 1999, 2000, 2001, 2002, 2004, 2005, 2006, 2008, 2009, 2013, 2015, 2017, 2018, 2019, 2020, 2021, 2024, 2026, 2027, 2028, 2029, 2031"
"LAREDO,TX → VENUSTIANO CARRANZ,CDMX",31,"1745, 1765, 1774, 1784, 1785, 1829, 1847, 1849, 1862, 1868, 1869, 1870, 1871, 1872, 1873, 1875, 1878, 1880, 1881, 1887, 1908, 1909, 1931, 1932, 1933, 1934, 1936, 1940, 1943, 1948, 1965"
"CUAUTITLAN,EM → MERIDA,YC",31,"1963, 1991, 1992, 1995, 1996, 1997, 1998, 1999, 2000, 2001, 2002, 2004, 2005, 2006, 2007, 2008, 2009, 2011, 2013, 2015, 2016, 2017, 2018, 2020, 2021, 2024, 2026, 2027, 2028, 2029, 2031"
"TEQUILA,JA/ → TEPOTZOTLAN,EM",30,"1774, 1810, 1821, 1825, 1828, 1829, 1847, 1851, 1859, 1870, 1873, 1875, 1876, 1877, 1878, 1879, 1880, 1881, 1883, 1886, 1888, 1891, 1896, 1909, 1931, 1933, 1934, 1955, 1965, 1977"
"TEPOTZOTLAN,EM → TEPOTZOTLAN,EM",30,"1683, 1685, 1688, 1689, 1695, 1697, 1704, 1720, 1731, 1735, 1754, 1757, 1765, 1767, 1768, 1780, 1795, 1810, 1856, 1857, 1861, 1863, 1866, 1945, 1950, 1952, 1987, 1988, 2020, 2057"
"JILOTEPEC,EM → TEPIC,NA",30,"1774, 1821, 1825, 1829, 1847, 1849, 1855, 1859, 1871, 1872, 1873, 1875, 1876, 1877, 1878, 1879, 1881, 1883, 1886, 1888, 1907, 1909, 1931, 1933, 1934, 1936, 1943, 1955, 1977, 2056"
"CUAUTITLAN IZCALLI,EM/Mex → QUERETARO,QA/MEX",30,"1741, 1750, 1766, 1779, 1785, 1793, 1810, 1812, 1829, 1847, 1849, 1852, 1855, 1859, 1869, 1871, 1877, 1878, 1880, 1887, 1907, 1908, 1909, 1921, 1931, 1935, 1937, 1943, 1947, 1965"
"TULTITLAN,EM → TEPIC,NA/",29,"1821, 1825, 1847, 1852, 1855, 1859, 1869, 1870, 1872, 1873, 1874, 1876, 1878, 1879, 1880, 1881, 1883, 1886, 1888, 1891, 1909, 1931, 1932, 1933, 1934, 1943, 1947, 1955, 1965"
"TULTITLAN,EM → TEPIC,NA",29,"1740, 1768, 1774, 1828, 1829, 1847, 1859, 1869, 1870, 1871, 1873, 1874, 1875, 1876, 1879, 1880, 1881, 1883, 1894, 1909, 1931, 1933, 1934, 1936, 1947, 1955, 1965, 2053, 2091"
"SAN NICOLAS DE LOS,NX → PUEBLA,PU/Mex",28,"1765, 1821, 1828, 1847, 1849, 1851, 1855, 1860, 1862, 1868, 1869, 1871, 1872, 1874, 1875, 1877, 1879, 1881, 1886, 1888, 1907, 1909, 1936, 1940, 1947, 1948, 1955, 1965"
"TEXAS CITY,TX → APASEO EL ALTO,GJ",27,"1718, 1778, 1779, 1784, 1785, 1792, 1810, 1828, 1829, 1846, 1870, 1872, 1873, 1877, 1879, 1890, 1891, 1907, 1908, 1931, 1932, 1933, 1937, 1940, 1955, 1969, 1975"
"TULTITLAN,EM → CUAUTITLAN IZCALLI,EM",27,"1628, 1633, 1640, 1693, 1743, 1765, 1768, 1802, 1807, 1823, 1833, 1837, 1838, 1839, 1854, 1856, 1884, 1897, 1901, 1902, 1959, 2034, 2035, 2037, 2040, 2047, 2075"
"MAZATLAN,SI/ → TULTITLAN,EM",26,"1821, 1828, 1829, 1847, 1849, 1855, 1859, 1869, 1870, 1873, 1875, 1877, 1878, 1883, 1886, 1887, 1891, 1909, 1931, 1932, 1933, 1934, 1936, 1943, 1947, 1955"
"TUXTLA GUTIERREZ,CH → VILLAHERMOSA,TA",26,"1682, 1716, 1721, 1723, 1725, 1726, 1728, 1729, 1730, 1737, 1738, 1742, 1746, 1753, 1755, 1758, 1763, 1769, 1770, 1791, 1798, 1811, 1814, 1816, 1818, 1826"
"CUAUTITLAN,EM → GUADALAJARA,JA",25,"1904, 1905, 1930, 1937, 1942, 1946, 1949, 1950, 1951, 1953, 1954, 1956, 1961, 1974, 1976, 1977, 1979, 1980, 1981, 1983, 1988, 1989, 1990, 1996, 2018"
"TLAJOMULCO DE ZUNI,JA/Mex → SANTA CATARINA,NX/",25,"1733, 1748, 1774, 1851, 1884, 1905, 1941, 1956, 2041, 2044, 2051, 2053, 2056, 2057, 2059, 2060, 2061, 2062, 2063, 2065, 2070, 2077, 2080, 2084, 2085"
"TULTITLAN,EM → MONCLOVA,CU/",25,"1779, 1803, 1810, 1825, 1849, 1859, 1862, 1868, 1870, 1871, 1873, 1874, 1875, 1879, 1881, 1883, 1886, 1891, 1908, 1931, 1932, 1934, 1947, 1948, 1965"
"CUAUTITLAN,EM/ → JILOTEPEC,EM",25,"1628, 1639, 1640, 1641, 1649, 1724, 1727, 1733, 1748, 1751, 1752, 1759, 1777, 1783, 1807, 1823, 1833, 1837, 1839, 1885, 2034, 2035, 2042, 2043, 2047"
"TULTITLAN,EM → ZAPOPAN,JA",24,"1760, 1789, 1821, 1829, 1847, 1855, 1859, 1869, 1870, 1877, 1880, 1881, 1883, 1891, 1931, 1932, 1934, 1935, 1937, 1943, 1947, 1955, 1965, 1977"
"CUAUTITLAN IZCALLI,EM → TEPATITLAN,JA",24,"1904, 1905, 1906, 1937, 1942, 1944, 1945, 1946, 1949, 1950, 1951, 1956, 1960, 1961, 1964, 1977, 1978, 1982, 1983, 1989, 1990, 1996, 2010, 2018"
"TLAJOMULCO DE ZUNI,JA/Mex → VILLA DE TEZONTEPE,HG",24,"1733, 1774, 1907, 1943, 2038, 2039, 2041, 2044, 2053, 2056, 2057, 2059, 2060, 2061, 2062, 2063, 2065, 2070, 2071, 2074, 2077, 2080, 2084, 2085"
"ZAPOPAN,JA/ → TLALNEPANTLA,EM/",24,"1774, 1825, 1829, 1847, 1851, 1869, 1870, 1872, 1873, 1874, 1876, 1878, 1879, 1883, 1884, 1888, 1909, 1931, 1932, 1933, 1936, 1947, 2038, 2092"
"VILLAHERMOSA,TA → VILLAHERMOSA,TA/",23,"1701, 1705, 1715, 1721, 1722, 1728, 1729, 1730, 1736, 1738, 1746, 1753, 1758, 1761, 1798, 1813, 1816, 1817, 1818, 1819, 1820, 1824, 1826"
"JILOTEPEC,EM → JILOTEPEC,EM",23,"1809, 1827, 1828, 1831, 1836, 1851, 1855, 1864, 1880, 1884, 1890, 1892, 1893, 1897, 1898, 1899, 1900, 1935, 1939, 1958, 1959, 1965, 2035"
"TEPOTZOTLAN,EM → LEON,GJ",23,"1944, 1945, 1946, 1952, 1954, 1956, 1957, 1960, 1963, 1974, 1976, 1978, 1979, 1980, 1981, 1982, 1986, 1987, 1988, 1989, 1990, 2018, 2019"
"TLAJOMULCO DE ZUNI,JA/Mex → TOLUCA,EM",22,"1740, 1847, 1875, 1876, 1877, 1881, 2041, 2051, 2053, 2057, 2059, 2060, 2061, 2062, 2063, 2065, 2071, 2074, 2077, 2080, 2084, 2085"
"SAN PEDRO GARZA GA,NX/Mex → CUAUTITLAN IZCALLI,EM/Mex",22,"1745, 1765, 1825, 1829, 1847, 1851, 1859, 1862, 1872, 1877, 1879, 1880, 1881, 1883, 1886, 1908, 1909, 1932, 1940, 1943, 1948, 1965"
"EL SALTO,JA → APODACA,NX",22,"1937, 1942, 1945, 1949, 1950, 1951, 1956, 1960, 1976, 1978, 1979, 1980, 1982, 1983, 1984, 1996, 2011, 2014, 2015, 2016, 2018, 2019"
"VILLAHERMOSA,TA → VILLAHERMOSA,TA",22,"1701, 1705, 1715, 1721, 1722, 1728, 1729, 1730, 1738, 1746, 1753, 1758, 1761, 1798, 1813, 1816, 1817, 1818, 1819, 1820, 1824, 1826"
"TUXTLA GUTIERREZ,CH → TUXTLA GUTIERREZ,CH/Mex",21,"1682, 1714, 1716, 1717, 1719, 1723, 1725, 1726, 1737, 1739, 1742, 1755, 1758, 1763, 1769, 1770, 1791, 1798, 1811, 1814, 2083"
"IZTAPALAPA,DF → TEPOTZOTLAN,EM",21,"1683, 1685, 1688, 1689, 1695, 1697, 1704, 1720, 1731, 1735, 1754, 1757, 1765, 1767, 1768, 1780, 1795, 1857, 1861, 1863, 1866"
"CUAUTITLAN IZCALLI,EM → PUEBLA,PU",21,"1912, 1916, 1919, 1922, 1923, 1928, 1945, 1952, 1979, 1980, 1981, 1983, 1991, 2010, 2087, 2088, 2090, 2101, 2103, 2104, 2105"
"TLAJOMULCO DE ZUNI,JA/Mex → TLAJOMULCO DE ZUNI,JA/Mex",21,"1733, 1821, 1851, 1869, 1873, 1876, 1888, 1889, 1909, 1933, 1936, 2041, 2056, 2057, 2059, 2060, 2061, 2063, 2070, 2071, 2077"
"CUAUTITLAN IZCALLI,EM → CIUDAD OBREGON,SO",21,"1937, 1950, 1978, 1983, 1984, 1992, 1997, 2004, 2006, 2007, 2010, 2011, 2014, 2015, 2016, 2017, 2019, 2022, 2025, 2027, 2030"
"TLALNEPANTLA,EM → TLALNEPANTLA,EM",21,"1701, 1834, 1889, 1905, 1923, 1926, 1941, 1942, 1949, 1950, 1951, 1953, 1977, 1992, 2006, 2007, 2011, 2014, 2016, 2017, 2086"
"TULTITLAN,EM → ZAPOPAN,JA/",21,"1797, 1825, 1847, 1852, 1870, 1871, 1875, 1876, 1877, 1878, 1880, 1881, 1886, 1901, 1931, 1933, 1935, 1937, 1965, 2071, 2092"
"APASEO EL ALTO,GJ → LA PAZ,BS/",20,"1782, 1784, 1786, 1787, 1790, 1801, 1804, 1822, 1834, 1835, 1846, 1848, 1895, 1938, 1966, 1967, 1968, 1971, 1972, 2012"
"TEPIC,NA/ → TULTITLAN,EM",20,"1774, 1810, 1821, 1825, 1847, 1852, 1855, 1859, 1869, 1870, 1871, 1876, 1881, 1888, 1909, 1934, 1936, 1947, 1955, 1977"
"APASEO EL ALTO,GJ → TAPACHULA,CH/",20,"1712, 1786, 1790, 1799, 1800, 1801, 1803, 1804, 1806, 1808, 1848, 1895, 1938, 1967, 1968, 1971, 1972, 1973, 1975, 2012"
"VENUSTIANO CARRANZ,CDMX → TEPOTZOTLAN,EM",19,"1683, 1685, 1688, 1689, 1695, 1697, 1704, 1720, 1731, 1735, 1754, 1757, 1767, 1780, 1795, 1810, 1861, 1863, 1866"
"DELEG.AZCAPOTZALCO,CDMX → TEPOTZOTLAN,EM",19,"1683, 1685, 1688, 1689, 1695, 1697, 1704, 1720, 1731, 1735, 1754, 1757, 1767, 1780, 1795, 1857, 1861, 1863, 1866"
"TULTITLAN,EM → CUAUTITLAN IZCALLI,EM/Mex",19,"1724, 1727, 1752, 1762, 1783, 1789, 1793, 1807, 1833, 1854, 1858, 1884, 1896, 2037, 2042, 2045, 2046, 2047, 2075"
"TLAJOMULCO DE ZUNI,JA/Mex → CUAUTITLAN IZCALLI,EM/Mex",19,"2038, 2041, 2044, 2051, 2053, 2056, 2057, 2059, 2060, 2061, 2062, 2063, 2065, 2070, 2071, 2077, 2080, 2084, 2085"
"CIUDAD DE MEXICO,CDMX → TEPOTZOTLAN,EM",19,"1683, 1685, 1688, 1689, 1695, 1697, 1704, 1720, 1731, 1735, 1754, 1757, 1767, 1780, 1795, 1857, 1861, 1863, 1866"
"PUEBLA,PU → CUAUTITLAN IZCALLI,EM",19,"1910, 1912, 1916, 1918, 1919, 1920, 1922, 1923, 1928, 1996, 2010, 2087, 2088, 2093, 2099, 2101, 2103, 2104, 2105"
"CUAUTITLAN,EM → CUAUTITLAN IZCALLI,EM",19,"1904, 1930, 1945, 1946, 1949, 1956, 1976, 1990, 1996, 2001, 2002, 2004, 2006, 2008, 2015, 2018, 2019, 2024, 2031"
"TLAJOMULCO DE ZUNI,JA/Mex → TLAJOMULCO DE ZUNI,JA",19,"2039, 2041, 2044, 2051, 2053, 2056, 2057, 2060, 2061, 2062, 2063, 2065, 2070, 2071, 2074, 2077, 2080, 2084, 2085"
"ECATEPEC DE MORELO,EM → TEPOTZOTLAN,EM",19,"1683, 1685, 1688, 1689, 1695, 1697, 1704, 1720, 1731, 1735, 1754, 1757, 1767, 1768, 1780, 1795, 1861, 1863, 1866"
"LAREDO,TX/ → TULTITLAN,EM",19,"1785, 1805, 1821, 1828, 1829, 1852, 1862, 1870, 1872, 1873, 1879, 1880, 1881, 1888, 1908, 1931, 1940, 1948, 1965"
"MIGUEL HIDALGO,CDMX → TEPOTZOTLAN,EM",18,"1683, 1685, 1688, 1689, 1695, 1697, 1704, 1720, 1731, 1735, 1754, 1757, 1767, 1768, 1780, 1795, 1863, 1866"
"TLALNEPANTLA,EM → PUEBLA,PU",18,"1912, 1919, 1923, 1928, 1950, 1953, 1956, 1963, 1980, 1981, 1988, 2087, 2088, 2090, 2093, 2101, 2103, 2105"
"TAPACHULA,CH/ → APASEO EL ALTO,GJ",18,"1712, 1790, 1799, 1800, 1801, 1803, 1804, 1806, 1808, 1895, 1938, 1967, 1968, 1971, 1972, 1973, 1975, 2012"
"DELEG. ALVARO OBRE,DF/MEX → CUAUTITLAN,EM/",18,"1628, 1718, 1724, 1733, 1748, 1759, 1777, 1783, 1807, 1823, 1833, 1838, 1839, 1885, 2035, 2037, 2042, 2045"
"TLAQUEPAQUE,JA → COLON,QA",18,"1821, 1851, 1852, 1870, 1873, 1876, 1877, 1879, 1881, 1883, 1888, 1909, 1931, 1934, 1936, 1937, 1947, 1965"
"NEZAHUALCOYOTL,EM → TEPOTZOTLAN,EM",18,"1683, 1688, 1689, 1695, 1697, 1704, 1720, 1731, 1735, 1754, 1757, 1767, 1768, 1780, 1795, 1857, 1863, 1866"
"CUAUHTEMOC,DF → TEPOTZOTLAN,EM",18,"1685, 1688, 1689, 1695, 1697, 1704, 1720, 1731, 1735, 1754, 1757, 1767, 1780, 1795, 1857, 1861, 1863, 1866"
"TUXTLA GUTIERREZ,CH → COMITAN DE DOMINGU,CH",18,"1682, 1714, 1716, 1717, 1719, 1723, 1725, 1726, 1737, 1739, 1742, 1755, 1763, 1769, 1770, 1791, 1811, 1814"
"APODACA,NX → JILOTEPEC,EM",18,"1745, 1821, 1851, 1862, 1868, 1870, 1878, 1880, 1881, 1883, 1886, 1888, 1890, 1891, 1908, 1933, 1940, 1948"
"TOLUCA,EM → JILOTEPEC,EM",18,"1628, 1640, 1693, 1724, 1783, 1807, 1823, 1831, 1832, 1833, 1839, 1864, 1885, 2034, 2037, 2042, 2045, 2046"
"TEPOTZOTLAN,EM/ → MERIDA,YC",18,"1937, 1963, 1991, 1995, 1998, 1999, 2001, 2002, 2006, 2008, 2013, 2018, 2020, 2026, 2027, 2028, 2029, 2031"
"TLAJOMULCO DE ZUNI,JA/Mex → MONTERREY,NX",18,"1718, 1733, 1748, 1774, 1821, 1906, 1936, 1942, 2044, 2051, 2053, 2059, 2060, 2061, 2062, 2063, 2070, 2084"
"TULTEPEC,EM → PUEBLA,PU",17,"1919, 1928, 1946, 1949, 1950, 1954, 1956, 1963, 1964, 1981, 2039, 2087, 2088, 2093, 2101, 2104, 2105"
"CUAUTITLAN IZCALLI,EM → VERACRUZ,VZ",17,"1946, 1949, 1953, 1957, 1964, 1977, 1979, 1983, 1984, 1989, 1990, 1994, 1996, 2011, 2015, 2016, 2017"
"ATIZAPAN DE ZARAGO,EM → TEPOTZOTLAN,EM",17,"1683, 1685, 1688, 1689, 1695, 1697, 1704, 1731, 1735, 1754, 1757, 1767, 1780, 1795, 1861, 1863, 1866"
"MONTERREY,NX → IZTAPALAPA,DF",17,"1734, 1745, 1764, 1847, 1862, 1870, 1875, 1879, 1881, 1883, 1888, 1908, 1909, 1932, 1940, 1948, 1965"
"GUADALAJARA,JA → TLALNEPANTLA,EM",17,"1740, 1829, 1852, 1873, 1875, 1876, 1880, 1883, 1888, 1931, 1934, 1935, 1936, 1937, 1943, 1955, 1965"
"JILOTEPEC,EM → PUERTO VALLARTA,JA/",17,"1810, 1825, 1828, 1859, 1870, 1871, 1872, 1878, 1879, 1883, 1891, 1931, 1932, 1936, 1943, 1947, 1965"
"MAZATLAN,SI/ → NUEVO LAREDO,TM",17,"1828, 1829, 1851, 1852, 1859, 1869, 1870, 1877, 1878, 1880, 1881, 1909, 1932, 1933, 1955, 1965, 2089"
"TULTITLAN,EM → TUXTLA GUTIERREZ,CH/Mex",16,"1711, 1741, 1762, 1765, 1789, 1793, 1797, 1850, 1851, 1854, 1858, 1874, 1896, 1901, 2005, 2075"
"TLAJOMULCO DE ZUNI,JA → AGUASCALIENTES,AG",16,"1748, 1794, 1796, 1884, 2038, 2041, 2051, 2059, 2061, 2063, 2065, 2074, 2077, 2080, 2084, 2085"
"MONTERREY,NX → MONTERREY,NX",16,"1670, 1764, 1765, 1830, 1868, 1921, 2048, 2049, 2050, 2052, 2054, 2055, 2064, 2073, 2076, 2081"
"APASEO EL ALTO,GJ → NAUCALPAN DE JUARE,EM/Mex",16,"1786, 1790, 1800, 1801, 1822, 1835, 1853, 1890, 1895, 1903, 1967, 1969, 1970, 1971, 1972, 1975"
"MONTERREY,NX → VENUSTIANO CARRANZ,CDMX",16,"1745, 1805, 1828, 1847, 1849, 1862, 1873, 1881, 1883, 1886, 1891, 1932, 1934, 1940, 1948, 1955"
"TULTITLAN,EM → ALTAMIRA,TM/",16,"1741, 1750, 1828, 1829, 1850, 1855, 1869, 1873, 1877, 1879, 1880, 1881, 1883, 1932, 1936, 1955"
"APASEO EL ALTO,GJ → NUEVO LAREDO,TM",16,"1779, 1784, 1792, 1846, 1849, 1870, 1888, 1890, 1891, 1931, 1935, 1938, 1947, 1955, 1965, 1966"
"TEPOTZOTLAN,EM/ → LEON,GJ",16,"1906, 1944, 1952, 1954, 1957, 1961, 1963, 1974, 1978, 1981, 1982, 1983, 1986, 1987, 1989, 2004"
"ZAPOPAN,JA → TEPOTZOTLAN,EM",15,"1774, 1851, 1860, 1870, 1871, 1873, 1875, 1876, 1878, 1880, 1886, 1907, 1931, 1935, 1955"
"TLAQUEPAQUE,JA/Mex → IZTAPALAPA,DF/Mex",15,"1774, 1828, 1847, 1869, 1870, 1873, 1876, 1879, 1880, 1891, 1932, 1934, 1947, 1955, 2091"
"TLALPAN,DF → TEPOTZOTLAN,EM",15,"1683, 1685, 1688, 1695, 1697, 1704, 1731, 1735, 1754, 1757, 1767, 1780, 1795, 1863, 1866"
"TLAHUAC,DF → TEPOTZOTLAN,EM",15,"1683, 1685, 1688, 1697, 1704, 1720, 1735, 1754, 1757, 1765, 1767, 1780, 1795, 1863, 1866"
"TLAJOMULCO DE ZUNI,JA/Mex → TEPOTZOTLAN,EM",15,"1828, 1829, 1871, 2038, 2041, 2044, 2051, 2053, 2056, 2057, 2060, 2070, 2077, 2080, 2084"
"CUAUTITLAN IZCALLI,EM → AMATLAN DE LOS REY,VZ",15,"1852, 1944, 1952, 1956, 1964, 1976, 1980, 1981, 1983, 1994, 1995, 2004, 2007, 2016, 2017"
"DELEG.AZCAPOTZALCO,DF → TEPOTZOTLAN,EM",15,"1683, 1685, 1688, 1689, 1697, 1720, 1731, 1735, 1754, 1757, 1780, 1795, 1861, 1863, 1866"
"CUAUTITLAN IZCALLI,EM/Mex → CANCUN,QR/",15,"1810, 1828, 1852, 1859, 1860, 1865, 1871, 1879, 1880, 1883, 1887, 1891, 1907, 1947, 1955"
"TULTITLAN,EM → NUEVO LAREDO,TM/",15,"1741, 1762, 1765, 1789, 1793, 1797, 1812, 1850, 1855, 1872, 1890, 1896, 1933, 1935, 1940"
"TLALNEPANTLA,EM → CIUDAD OBREGON,SO",15,"1889, 1978, 1979, 1983, 1991, 1997, 1999, 2007, 2011, 2014, 2016, 2017, 2022, 2026, 2030"
"GUSTAVO A. MADERO,DF → TEPOTZOTLAN,EM",15,"1683, 1685, 1688, 1689, 1695, 1697, 1720, 1731, 1735, 1754, 1767, 1795, 1861, 1863, 1866"
"CUAJIMALPA DE MORE,CDMX → TEPOTZOTLAN,EM",14,"1683, 1685, 1688, 1689, 1697, 1731, 1735, 1754, 1767, 1768, 1780, 1795, 1863, 1866"
"TULTITLAN,EM → TOLUCA,EM",14,"1640, 1641, 1693, 1724, 1777, 1783, 1807, 1823, 1864, 1885, 2037, 2042, 2045, 2046"
"TECAMAC,EM → IZTAPALAPA,DF",14,"1688, 1711, 1762, 1768, 1810, 1857, 1858, 2058, 2066, 2069, 2072, 2075, 2078, 2082"
"APASEO EL ALTO,GJ → VERACRUZ,VZ/Mex",14,"1712, 1782, 1787, 1800, 1801, 1803, 1806, 1822, 1853, 1938, 1966, 1967, 1975, 2012"
"APASEO EL ALTO,GJ → NUEVO LAREDO,TM/",14,"1779, 1784, 1787, 1835, 1846, 1882, 1890, 1895, 1938, 1947, 1968, 1971, 1972, 1975"
"APASEO EL ALTO,GJ → MERIDA,MX/",14,"1790, 1800, 1803, 1804, 1806, 1835, 1848, 1895, 1938, 1966, 1967, 1971, 1972, 1973"
"TECAMAC,EM → NAUCALPAN DEJUAREZ,EM",14,"1711, 1732, 1762, 1767, 1768, 1810, 1857, 1858, 2058, 2066, 2069, 2072, 2075, 2082"
"APASEO EL ALTO,GJ → TEXAS CITY,TX",14,"1698, 1779, 1784, 1785, 1846, 1862, 1872, 1890, 1891, 1934, 1937, 1965, 1969, 1975"
"TLAJOMULCO DE ZUNI,JA/Mex → TONALA,JA/Mex",14,"2039, 2053, 2056, 2057, 2059, 2060, 2061, 2062, 2063, 2065, 2071, 2077, 2080, 2085"
"TEPIC,NA → TULTITLAN,EM",14,"1825, 1829, 1849, 1859, 1871, 1876, 1878, 1880, 1883, 1886, 1907, 1934, 1943, 1947"
"TUXTLA GUTIERREZ,CH → FRONTERA COMALAPA,CH",14,"1682, 1714, 1716, 1717, 1719, 1737, 1739, 1755, 1763, 1769, 1770, 1791, 1811, 1814"
"PUERTO VALLARTA,JA/ → TULTITLAN,EM",14,"1825, 1828, 1847, 1859, 1870, 1871, 1873, 1879, 1881, 1883, 1891, 1936, 1943, 1965"
"CUITLAHUAC,VZ → NUEVO LAREDO,TM/",14,"1774, 1785, 1825, 1828, 1849, 1852, 1873, 1877, 1879, 1887, 1907, 1936, 1965, 2089"
"CUAUTITLAN,EM → CUAUTITLAN,EM",14,"1889, 1945, 1946, 1952, 1974, 1978, 1979, 1983, 1984, 1988, 1989, 1994, 2014, 2024"
"TUXTLA GUTIERREZ,CH → VILLA FLORES,CH",14,"1714, 1716, 1717, 1723, 1726, 1737, 1739, 1742, 1763, 1769, 1770, 1791, 1811, 1814"
"NICOLAS ROMERO,EM → TEPOTZOTLAN,EM",14,"1689, 1697, 1704, 1720, 1731, 1735, 1754, 1757, 1767, 1780, 1795, 1861, 1863, 1866"
"MAZATLAN,SI/ → LAREDO,TX/",13,"1829, 1852, 1859, 1869, 1870, 1878, 1879, 1888, 1909, 1947, 1955, 2089, 2092"
"TULTITLAN,EM → PUERTO VALLARTA,JA/",13,"1847, 1859, 1869, 1873, 1877, 1878, 1881, 1883, 1888, 1891, 1931, 1933, 1955"
"VILLAGRAN,GJ → NUEVO LAREDO,TM",13,"1718, 1779, 1785, 1792, 1810, 1821, 1846, 1872, 1873, 1890, 1937, 1947, 1975"
"APASEO EL ALTO,GJ → VILLAHERMOSA,MX/",13,"1712, 1782, 1800, 1801, 1806, 1834, 1835, 1848, 1967, 1968, 1971, 1972, 1975"
"LEON,GJ → CUAUTITLAN IZCALLI,EM/Mex",13,"1766, 1812, 1821, 1862, 1869, 1874, 1876, 1907, 1921, 1933, 1935, 1936, 1965"
"TLAJOMULCO DE ZUNI,JA/Mex → GUADALUPE,NX",13,"1884, 1943, 1965, 2041, 2051, 2053, 2056, 2060, 2062, 2065, 2070, 2077, 2084"
"CUAUTITLAN,EM/ → DELEG. ALVARO OBRE,DF/MEX",13,"1641, 1724, 1733, 1743, 1783, 1788, 1807, 1833, 1838, 2037, 2043, 2046, 2047"
"TECAMAC,EM → GUSTAVO A. MADERO,DF",13,"1711, 1732, 1762, 1768, 1810, 1857, 1858, 2058, 2066, 2069, 2072, 2075, 2082"
"CUAUTITLAN IZCALLI,EM → TUXTLA GUTIERREZ,CH",12,"1980, 1990, 1991, 2007, 2009, 2011, 2013, 2014, 2019, 2023, 2024, 2027"
"VERACRUZ,VZ/Mex → APASEO EL ALTO,GJ",12,"1712, 1782, 1787, 1800, 1801, 1806, 1853, 1938, 1966, 1967, 1975, 2012"
"TEPOTZOTLAN,EM/ → QUERETARO,QA",12,"1917, 1918, 1941, 1946, 1953, 1977, 1980, 1989, 2007, 2011, 2086, 2104"
"TULTITLAN,EM → ECATEPEC DE MORELO,EM/",12,"1724, 1759, 1777, 1783, 1807, 1832, 1833, 1837, 1838, 1884, 2036, 2047"
"SAN NICOLAS DE LOS,NX → SAN LUIS POTOSI,SL",12,"1862, 1872, 1875, 1881, 1886, 1947, 1948, 2054, 2094, 2096, 2097, 2098"
"APASEO EL ALTO,GJ → TOLUCA,EM/Mex",12,"1782, 1804, 1806, 1808, 1835, 1853, 1968, 1969, 1970, 1971, 1972, 2012"
"COYOACAN,DF → TEPOTZOTLAN,EM",12,"1683, 1685, 1697, 1704, 1731, 1735, 1754, 1757, 1780, 1795, 1863, 1866"
"TLAQUEPAQUE,JA → NUEVO LAREDO,TM",12,"1774, 1829, 1859, 1869, 1871, 1878, 1881, 1931, 1932, 1933, 1943, 1947"
"TULTITLAN,EM → CHIHUAHUA,CI/",12,"1741, 1760, 1762, 1765, 1768, 1789, 1797, 1850, 1856, 1896, 1902, 2072"
"TULTITLAN,EM → MERIDA,YC",12,"1741, 1762, 1765, 1789, 1793, 1797, 1812, 1854, 1858, 1896, 2075, 2092"
"TULTITLAN,EM → VERACRUZ,VZ/Mex",12,"1711, 1741, 1762, 1765, 1793, 1797, 1810, 1854, 1856, 1858, 2075, 2092"
"MERIDA,MX/ → TLALNEPANTLA,EM/",12,"1790, 1800, 1803, 1806, 1835, 1848, 1895, 1938, 1966, 1971, 1972, 1973"
"TLAJOMULCO DE ZUNI,JA → GUADALUPE,ZT",12,"1794, 1796, 1907, 2038, 2051, 2059, 2063, 2065, 2074, 2077, 2080, 2085"
"CUAUTITLAN IZCALLI,EM/Mex → MERIDA,YC",11,"1810, 1887, 1907, 1995, 2000, 2005, 2014, 2020, 2024, 2026, 2031"
"TEPIC,NA → JILOTEPEC,EM",11,"1821, 1825, 1870, 1875, 1881, 1883, 1886, 1909, 1931, 1933, 1955"
"TEPEJI DEL RIO,HG → TEPOTZOTLAN,EM",11,"1683, 1685, 1688, 1689, 1704, 1731, 1735, 1754, 1757, 1795, 1863"
"VERACRUZ,VZ → CUAUTITLAN IZCALLI,EM/Mex",11,"1825, 1849, 1852, 1869, 1879, 1881, 1883, 1886, 1887, 1935, 2091"
"TECAMAC,EM → LOS REYES LA PAZ,EM/MEX",11,"1711, 1762, 1768, 1810, 1858, 2058, 2066, 2069, 2072, 2075, 2082"
"ECATEPEC,EM → TEPOTZOTLAN,EM",11,"1683, 1689, 1697, 1704, 1735, 1754, 1767, 1780, 1795, 1861, 1863"
"TULTITLAN,EM → VILLAHERMOSA,TA/",11,"1711, 1741, 1762, 1765, 1789, 1850, 1856, 1858, 1896, 1901, 1902"
"QUERETARO,QA → QUERETARO,QA",11,"1665, 1740, 1792, 1793, 1810, 1874, 1880, 1948, 1975, 2078, 2079"
"APASEO EL ALTO,GJ → POZA RICA DE HIDAL,VZ/Mex",11,"1790, 1799, 1801, 1848, 1853, 1938, 1967, 1969, 1973, 1975, 2012"
"JILOTEPEC,EM → TOLUCA,EM",11,"1693, 1724, 1777, 1783, 1831, 1839, 1864, 2034, 2037, 2042, 2046"
"TUXTLA GUTIERREZ,CH → TAPACHULA,CH",11,"1719, 1729, 1746, 1770, 1798, 1813, 1814, 1816, 1817, 1818, 1820"
"GUADALAJARA,JA → TEHUACAN,PU",11,"1774, 1828, 1829, 1849, 1870, 1876, 1879, 1881, 1883, 1934, 1955"
"TOLUCA,EM/Mex → TLALNEPANTLA,EM/",11,"1782, 1804, 1806, 1808, 1835, 1853, 1968, 1969, 1970, 1972, 2012"
"APASEO EL ALTO,GJ → PUEBLA,PU/Mex",11,"1805, 1808, 1848, 1853, 1903, 1966, 1967, 1968, 1970, 1975, 2012"
"HUEHUETOCA,EM → TEPOTZOTLAN,EM",10,"1683, 1688, 1704, 1731, 1767, 1780, 1795, 1857, 1861, 1866"
"APASEO EL ALTO,GJ → XALAPA,VZ/Mex",10,"1787, 1835, 1848, 1853, 1895, 1966, 1969, 1971, 1972, 2012"
"APASEO EL ALTO,GJ → OAXACA DE JUAREZ,OA/Mex",10,"1799, 1801, 1806, 1848, 1895, 1967, 1968, 1972, 1975, 2115"
"TUXTLA GUTIERREZ,CH → SAN CRISTOBAL DE L,CH",10,"1716, 1717, 1719, 1723, 1725, 1739, 1742, 1755, 1770, 1811"
"TULTITLAN,EM → CARMEN,NX",10,"1750, 1812, 1855, 1875, 1908, 1934, 1940, 1947, 1948, 2091"
"TLAJOMULCO DE ZUNI,JA → SAN LUIS POTOSI,SL",10,"1748, 1794, 1796, 1889, 2051, 2059, 2065, 2074, 2077, 2080"
"TULTITLAN,EM → VILLAHERMOSA,TA",10,"1741, 1762, 1765, 1789, 1793, 1810, 1850, 1854, 1894, 1896"
"APASEO EL ALTO,GJ → CUERNAVACA,MR/",10,"1786, 1800, 1803, 1834, 1835, 1848, 1966, 1968, 1975, 2012"
"QUERETARO,QA → NUEVO LAREDO,TM",10,"1748, 1779, 1784, 1787, 1792, 1810, 1872, 1890, 1891, 1937"
"PUEBLA,PU/Mex → TLALNEPANTLA,EM/",10,"1805, 1808, 1848, 1853, 1903, 1967, 1968, 1970, 1975, 2012"
"CUAUTITLAN,EM → APODACA,NX",10,"1991, 1995, 1996, 1998, 2006, 2009, 2013, 2015, 2017, 2021"
"EL SALTO,JA → LEON,GJ",10,"1945, 1946, 1949, 1951, 1976, 1980, 1990, 1996, 2011, 2018"
"CUAUTITLAN IZCALLI,EM → SAN JACINTO AMILPA,OA",10,"1905, 1942, 1945, 1949, 1956, 1964, 1977, 1979, 1983, 1990"
"TULTITLAN,EM → MERIDA,YC/",10,"1762, 1765, 1793, 1797, 1850, 1854, 1896, 1901, 1902, 2092"
"CUAUTITLAN IZCALLI,EM → XALAPA,VZ",10,"1950, 1974, 1980, 1990, 1995, 2004, 2007, 2010, 2016, 2017"
"POZA RICA DE HIDAL,VZ/Mex → TLALNEPANTLA,EM/",10,"1790, 1799, 1801, 1848, 1853, 1938, 1967, 1969, 1973, 2012"
"TEPOTZOTLAN,EM/ → GUADALAJARA,JA",10,"1889, 1904, 1905, 1937, 1942, 1946, 1949, 1982, 1989, 2015"
"TULTITLAN,EM → CHALCO,EM/Mex",9,"1741, 1762, 1765, 1789, 1793, 1797, 1850, 1854, 1896"
"TLALNEPANTLA,EM → TEPOTZOTLAN,EM",9,"1689, 1731, 1735, 1738, 1754, 1780, 1795, 1861, 1863"
"TLAQUEPAQUE,JA → CHALCO,EM",9,"1829, 1852, 1855, 1859, 1870, 1877, 1881, 1932, 1936"
"TLAQUEPAQUE,JA → CHALCO,EM/Mex",9,"1821, 1828, 1855, 1859, 1871, 1888, 1891, 1937, 1947"
"ATOTONILCO EL ALTO,JA → TEPOTZOTLAN,EM/",9,"1825, 1829, 1847, 1871, 1873, 1876, 1931, 1943, 1947"
"SAN JUAN DEL RIO,QA/Mex → NUEVO LAREDO,TM",9,"1785, 1786, 1792, 1810, 1846, 1874, 1890, 1891, 1932"
"SAN MATEO ATENCO,EM → CUAUTITLAN IZCALLI,EM",9,"1919, 1920, 1923, 1926, 1953, 1983, 2086, 2099, 2104"
"SAN NICOLAS DE LOS,NX/Mex → SAN LUIS POTOSI,SL",9,"1862, 1872, 1875, 1877, 1881, 1931, 1940, 1948, 1965"
"TULTITLAN,EM → CULIACAN,SI",9,"1789, 1810, 1854, 1858, 1875, 1894, 1902, 1934, 1943"
"APASEO EL ALTO,GJ → COATZACOALCOS,VL/",9,"1712, 1800, 1806, 1895, 1938, 1967, 1968, 1971, 2012"
"CUAUTITLAN IZCALLI,EM/Mex → TETLA DE LA SOLIDA,TL",9,"1944, 1954, 1974, 1981, 1994, 2039, 2088, 2104, 2105"
"CULIACAN,SI/ → TULTITLAN,EM",9,"1774, 1849, 1859, 1878, 1879, 1883, 1947, 1955, 2091"
"XALAPA,VZ/Mex → TLALNEPANTLA,EM/",9,"1787, 1835, 1853, 1895, 1966, 1969, 1971, 1972, 2012"
"TLAQUEPAQUE,JA → CUAUTITLAN IZCALLI,EM/Mex",8,"1821, 1849, 1870, 1878, 1880, 1883, 1932, 1934"
"TLAQUEPAQUE,JA/Mex → CUAUTITLAN IZCALLI,EM/Mex",8,"1829, 1852, 1855, 1859, 1873, 1877, 1936, 1955"
"TLAJOMULCO DE ZUNI,JA → HUEJOTZINGO,PU/Mex",8,"1851, 1878, 1883, 1886, 1931, 1934, 2062, 2080"
"TULTITLAN,EM → CHIHUAHUA,CI",8,"1741, 1765, 1797, 1850, 1854, 1858, 1896, 2075"
"TLALNEPANTLA,EM → IXTAPA,JA",8,"1889, 1945, 1951, 1994, 1996, 2003, 2006, 2019"
"JILOTEPEC,EM → APODACA,NX",8,"1847, 1849, 1862, 1872, 1881, 1940, 1955, 1965"
"JILOTEPEC,EM → CULIACAN,SI/",8,"1828, 1829, 1847, 1877, 1878, 1931, 1947, 1965"
"TLAJOMULCO DE ZUNI,JA/Mex → HUEJOTZINGO,PU/Mex",8,"1829, 1852, 1859, 1875, 1881, 1955, 2065, 2077"
"TULTITLAN,EM → NEZAHUALCOYOTL,EM",8,"1741, 1789, 1797, 1850, 1858, 1896, 2072, 2075"
"NUEVO LAREDO,TM/ → APASEO EL ALTO,GJ",8,"1787, 1835, 1882, 1895, 1938, 1968, 1971, 1972"
"NUEVO LAREDO,TM → VENUSTIANO CARRANZ,CDMX",8,"1852, 1855, 1874, 1878, 1879, 1909, 1932, 1955"
"NAUCALPAN DEJUAREZ,EM → TEPOTZOTLAN,EM",8,"1683, 1685, 1688, 1697, 1735, 1795, 1863, 1866"
"TULTITLAN,EM → TLAJOMULCO DE ZUNI,JA/Mex",8,"1812, 1829, 1859, 1873, 1874, 1878, 1883, 1935"
"SAN NICOLAS DE LOS,NX → TLALNEPANTLA,EM",8,"1847, 1879, 1881, 1886, 1933, 1940, 1948, 1955"
"MONTERREY,NX → TECAMAC,EM",8,"1849, 1862, 1872, 1883, 1888, 1908, 1940, 1948"
"APASEO EL ALTO,GJ → PACHUCA DE SOTO,HG",8,"1782, 1790, 1803, 1853, 1938, 1966, 1971, 1973"
"APASEO EL ALTO,GJ → TAMPICO,TM/Mex",8,"1786, 1834, 1848, 1853, 1882, 1903, 1970, 2012"
"COLIMA,CL/ → JILOTEPEC,EM",8,"1847, 1855, 1859, 1871, 1875, 1883, 1886, 1936"
"COATZACOALCOS,VL/ → TLALNEPANTLA,EM/",8,"1712, 1806, 1895, 1938, 1967, 1968, 1971, 1973"
"APASEO EL ALTO,GJ → TULA DE ALLENDE,HG/",8,"1786, 1800, 1822, 1834, 1848, 1853, 1890, 1938"
"CUAUTITLAN IZCALLI,EM → TEPOTZOTLAN,EM",8,"1683, 1704, 1735, 1765, 1780, 1795, 1856, 1866"
"CUAUTITLAN IZCALLI,EM → ACAPULCO DE JUAREZ,GR",8,"1950, 1951, 1976, 1985, 1992, 1995, 2014, 2015"
"SILAO,GJ → NUEVO LAREDO,TM",7,"1774, 1785, 1805, 1847, 1872, 1873, 1878"
"VILLAHERMOSA,TA → CUAUTITLAN IZCALLI,EM",7,"1701, 1730, 1738, 1758, 1761, 1798, 1818"
"CUERNAVACA,MR/ → TLALNEPANTLA,EM/",7,"1786, 1803, 1834, 1848, 1968, 1975, 2012"
"TLALNEPANTLA,EM/ → ATITALAQUIA,HG/Mex",7,"1804, 1822, 1853, 1903, 1969, 1970, DC07"
"TLALNEPANTLA,EM → COLON,QA",7,"1889, 1946, 1950, 1953, 1977, 1980, 2086"
"APASEO EL ALTO,GJ → TUXTLA GUTIERREZ,CH/Mex",7,"1801, 1848, 1882, 1890, 1968, 1971, 1975"
"VILLAHERMOSA,MX/ → APASEO EL ALTO,GJ",7,"1782, 1800, 1835, 1848, 1968, 1971, 1975"
"TLAJOMULCO DE ZUNI,JA/Mex → LA PAZ,BS",7,"1740, 1829, 1876, 1881, 1932, 1955, 1965"
"CUAUTITLAN IZCALLI,EM → TLALNEPANTLA,EM",7,"1910, 1912, 1917, 1919, 1923, 1928, 2017"
"TLAQUEPAQUE,JA → CUAUTITLAN IZCALLI,EM",7,"1879, 1880, 1881, 1886, 1909, 1931, 1933"
"TEPOTZOTLAN,EM → APODACA,NX",7,"1937, 1964, 1996, 1998, 1999, 2001, 2017"
"TULTITLAN,EM → PUEBLA,PU",7,"1741, 1765, 1789, 1793, 1797, 1850, 1896"
"SAN NICOLAS DE LOS,NX → TLAQUEPAQUE,JA/Mex",7,"1774, 1849, 1852, 1871, 1877, 1955, 1965"
"COLIMA,CL/ → TULTITLAN,EM",7,"1873, 1879, 1880, 1936, 1943, 1955, 1965"
"QUERETARO,QA → VILLA DE REYES,SL",7,"1665, 1792, 1810, 1872, 1880, 2078, 2079"
"TULTITLAN,EM → TEPOTZOTLAN,EM",7,"1765, 1789, 1793, 1797, 1850, 1854, 1896"
"VILLAHERMOSA,TA → TEPOTZOTLAN,EM",7,"1701, 1705, 1715, 1738, 1761, 1813, 1816"
"OAXACA DE JUAREZ,OA/Mex → TLALNEPANTLA,EM/",7,"1806, 1848, 1895, 1967, 1968, 1972, 2115"
"TLALNEPANTLA,EM/ → TLALNEPANTLA,EM/",7,"1801, 1822, 1890, 1903, 1967, 1969, 1970"
"TULTITLAN,EM → EL SALTO,JA",7,"1812, 1821, 1851, 1888, 1935, 1965, 2091"
"ACAPULCO DE JUAREZ,GR/Mex → TLALNEPANTLA,EM/",7,"1782, 1835, 1848, 1895, 1971, 1975, 2012"
"TOLUCA,EM → TEPOTZOTLAN,EM",7,"1688, 1689, 1695, 1697, 1754, 1767, 1866"
"TULA DE ALLENDE,HG/ → TLALNEPANTLA,EM/",7,"1712, 1800, 1822, 1848, 1853, 1890, 1938"
"TLAQUEPAQUE,JA → IZTAPALAPA,CDMX",7,"1821, 1869, 1872, 1873, 1874, 1877, 1955"
"TLAJOMULCO DE ZUNI,JA → TOLUCA,EM",6,"2051, 2056, 2057, 2062, 2063, 2070"
"APASEO EL ALTO,GJ → ACAPULCO DE JUAREZ,GR/Mex",6,"1835, 1848, 1895, 1971, 1975, 2012"
"APASEO EL ALTO,GJ → CORDOBA,VZ/",6,"1786, 1808, 1895, 1938, 1967, 1968"
"VILLAHERMOSA,TA → CUNDUACAN,TA",6,"1721, 1730, 1746, 1753, 1819, 1820"
"TLAJOMULCO DE ZUNI,JA → JILOTEPEC,EM",6,"1852, 1877, 1879, 1883, 1891, 1965"
"TLAQUEPAQUE,JA → CUAUTITLAN,EM/",6,"1859, 1886, 1909, 1931, 1936, 1955"
"TULTITLAN,EM → GOMEZ PALACIO,DG/",6,"1793, 1797, 1812, 1850, 1854, 1896"
"CHIHUAHUA,MX/ → APASEO EL ALTO,GJ",6,"1800, 1805, 1808, 1848, 1970, 1972"
"TLAJOMULCO DE ZUNI,JA/Mex → CUAUTITLAN IZCALLI,EM",6,"1821, 1847, 1851, 1876, 1879, 2061"
"TLAJOMULCO DE ZUNI,JA/Mex → LERMA,EM",6,"1855, 1875, 1877, 1906, 1943, 2057"
"VILLAHERMOSA,MX/ → TLALNEPANTLA,EM/",6,"1712, 1801, 1806, 1890, 1967, 1972"
"ZUMPANGO,EM → TEPOTZOTLAN,EM",6,"1685, 1688, 1695, 1731, 1757, 1780"
"MAZATLAN,SI/ → NAUCALPAN DEJUAREZ,EM",6,"1821, 1829, 1849, 1859, 1873, 1955"
"VILLAHERMOSA,TA/ → CUAUTITLAN IZCALLI,EM/Mex",6,"1828, 1871, 1880, 1887, 1907, 1934"
"EL MARQUES,QA → QUERETARO,QA",6,"1665, 1740, 1793, 1810, 2078, 2079"
"TLAJOMULCO DE ZUNI,JA/Mex → MONTERREY,NX/",6,"2041, 2059, 2065, 2070, 2080, 2084"
"TEPIC,NA/ → JILOTEPEC,EM",6,"1821, 1847, 1872, 1873, 1891, 1955"
"TAMPICO,TM/Mex → TLALNEPANTLA,EM/",6,"1786, 1834, 1853, 1903, 1970, 2012"
"VILLAHERMOSA,TA → TLALNEPANTLA,EM",6,"1701, 1705, 1738, 1761, 1798, 1818"
"TULTITLAN,EM → TULUM,QR",6,"1760, 1768, 1856, 1894, 1901, 1902"
"COACALCO,EM → VILLAHERMOSA,TA",6,"1741, 1789, 1793, 1797, 1896, 1935"
"MONTERREY,NX → MIGUEL HIDALGO,CDMX",6,"1745, 1764, 1825, 1829, 1908, 1940"
"MONTERREY,NX → TEOLOYUCAN,EM",6,"1745, 1862, 1877, 1891, 1908, 1948"
"QUERETARO,QA → SAN JUAN DEL RIO,QA",6,"1665, 1741, 1792, 1793, 2078, 2079"
"QUERETARO,QA → EL MARQUES,QA",6,"1665, 1792, 1810, 1880, 2078, 2079"
"TLAQUEPAQUE,JA/Mex → TULANCINGO DE BRAV,HG/Mex",6,"1859, 1860, 1869, 1873, 1878, 1933"
"CUAUTITLAN,EM → SAN LUIS POTOSI,SL",6,"1957, 1963, 1974, 1976, 1979, 1984"
"TEPOTZOTLAN,EM/ → TEPATITLAN,JA",6,"1906, 1937, 1961, 1983, 1989, 1990"
"TUXTLA GUTIERREZ,CH → TEPOTZOTLAN,EM",6,"1701, 1729, 1738, 1758, 1761, 1824"
"ZAPOPAN,JA/ → TEPOTZOTLAN,EM",6,"1859, 1883, 1884, 1886, 1947, 1965"
"CULIACAN,SI → JILOTEPEC,EM",6,"1821, 1847, 1849, 1886, 1933, 1947"
"APASEO EL ALTO,GJ → CHIHUAHUA,MX/",6,"1800, 1805, 1808, 1848, 1970, 1972"
"TUXTLA GUTIERREZ,CH/Mex → TLALNEPANTLA,EM/",6,"1801, 1882, 1890, 1968, 1971, 1975"
"APASEO EL ALTO,GJ → EL ESPINAL,OA/Mex",6,"1786, 1835, 1853, 1972, 2012, 2115"
"TLALNEPANTLA,EM → SALINA CRUZ,OA",5,"1946, 1950, 2014, 2015, 2017"
"CUAUTITLAN,EM/ → TLALNEPANTLA,EM",5,"1751, 1752, 1884, 1885, 2036"
"APASEO EL ALTO,GJ → SILAO,GJ",5,"1790, 1799, 1853, 1967, 1975"
"CANCUN,QR/ → CUAUTITLAN IZCALLI,EM/Mex",5,"1852, 1859, 1860, 1887, 1907"
"TEPOTZOTLAN,EM/ → EL SALTO,JA",5,"1950, 1976, 1979, 1980, 1990"
"MAZATLAN,SI/ → JILOTEPEC,EM",5,"1825, 1828, 1859, 1909, 1933"
"ZAPOPAN,JA/ → CUAUTITLAN IZCALLI,EM/Mex",5,"1740, 1847, 1875, 1888, 1932"
"TEPOTZOTLAN,EM/ → CUAUTITLAN IZCALLI,EM",5,"1917, 1946, 1977, 1999, 2086"
"APASEO EL ALTO,GJ → Tepic,NA/",5,"1799, 1801, 1853, 1975, 2117"
"TLAJOMULCO DE ZUNI,JA → GRAL. ESCOBEDO,NX",5,"2044, 2051, 2062, 2063, 2070"
"TLAJOMULCO DE ZUNI,JA/Mex → MEXICO D.F.,DF",5,"1829, 1876, 1881, 1909, 1933"
"SAN LUIS POTOSI,SL → SAN NICOLAS DE LOS,NX",5,"2054, 2094, 2096, 2097, 2098"
"TECAMAC,EM → TECAMAC,EM",5,"2058, 2066, 2069, 2072, 2082"
"TECAMAC,EM → CUAUTITLAN,EM",5,"1685, 2066, 2069, 2072, 2082"
"TULTITLAN,EM → UNKNOWN/",5,"1724, 1807, 1884, 2042, 2046"
"TULTITLAN,EM → MEXICO D.F.,DF",5,"1711, 1732, 1858, 1896, 2072"
"SILAO,GJ → APASEO EL ALTO,GJ",5,"1790, 1799, 1853, 1967, 1975"
"TULTITLAN,EM → CIUDAD JUAREZ,CI/MEX",5,"1741, 1768, 1797, 1850, 1983"
"AGUASCALIENTES,AG/ → APASEO EL ALTO,GJ",5,"1805, 1853, 1903, 1971, 1975"
"TLAJOMULCO DE ZUNI,JA → CUAUTITLAN IZCALLI,EM",5,"1821, 1829, 1886, 1933, 1936"
"XOCHIMILCO,DF → TEPOTZOTLAN,EM",5,"1697, 1704, 1757, 1767, 1863"
"LAREDO,TX/ → JILOTEPEC,EM",5,"1828, 1847, 1878, 1943, 1947"
"CUAUTITLAN IZCALLI,EM → COATZACOALCOS,VZ",5,"1945, 1979, 1980, 2015, 2027"
"CUAUTITLAN,EM → TEPOTZOTLAN,EM",5,"1689, 1704, 1767, 1866, 1996"
"TLAJOMULCO DE ZUNI,JA/Mex → PUEBLA,PU",5,"1881, 1906, 1931, 1933, 2061"
"CUAUTITLAN IZCALLI,EM/Mex → VENUSTIANO CARRANZ,CDMX",5,"1750, 1785, 1812, 1849, 1935"
"PACHUCA DE SOTO,HG → TLALNEPANTLA,EM/",5,"1782, 1803, 1938, 1966, 1973"
"CUAUTITLAN IZCALLI,EM/Mex → SANTA CATARINA,NX/",5,"1847, 1886, 1908, 1940, 1943"
"JILOTEPEC,EM → TEPIC,NA/",5,"1859, 1869, 1871, 1907, 1965"
"Tepic,NA/ → APASEO EL ALTO,GJ",5,"1799, 1801, 1853, 1975, 2117"
"TLAJOMULCO DE ZUNI,JA/Mex → EL SALTO,JA",5,"2059, 2063, 2077, 2080, 2084"
"CULIACAN,SI → TULTITLAN,EM",5,"1851, 1859, 1869, 1934, 1947"
"CUAUTITLAN IZCALLI,EM → IXTAPA,JA",5,"1946, 1949, 1993, 2003, 2011"
"VERACRUZ,VZ/Mex → TLALNEPANTLA,EM/",5,"1801, 1803, 1822, 1971, 1975"
"APASEO EL ALTO,GJ → CANCUN,MX/",5,"1799, 1801, 1882, 1971, 1973"
"CORREGIDORA,QA → QUERETARO,QA",5,"1665, 1792, 1793, 2078, 2079"
"TLAJOMULCO DE ZUNI,JA/Mex → AMOZOC,PU",5,"1852, 1859, 1871, 1879, 1965"
"TULTITLAN,EM → TAPACHULA,CH/",5,"1760, 1856, 1857, 1901, 1902"
"SAN JOSE ITURBIDE,GJ → TONALA,JA",4,"1789, 1797, 1806, 1846"
"TLAQUEPAQUE,JA/Mex → TEXCOCO,EM",4,"1847, 1875, 1909, 1933"
"OCOTLAN,JA → APASEO EL ALTO,GJ",4,"1822, 1846, 1967, 1972"
"TLALNEPANTLA,EM/ → NUEVO LAREDO,TM/",4,"1804, 1846, 1891, 1908"
"SAN NICOLAS DE LOS,NX/Mex → TLALNEPANTLA,EM",4,"1862, 1874, 1943, 1948"
"TLALNEPANTLA,EM → MERIDA,YC",4,"1997, 2019, 2027, 2028"
"ORIZABA,VZ/ → VILLAHERMOSA,TA",4,"1701, 1715, 1730, 1738"
"TULTITLAN,EM → PUEBLA,PU/Mex",4,"1741, 1797, 1854, 1896"
"TLAQUEPAQUE,JA/Mex → METEPEC,EM",4,"1821, 1855, 1873, 1883"
"PACHUCA DE SOTO,HG → APASEO EL ALTO,GJ",4,"1790, 1853, 1966, 1971"
"TLAQUEPAQUE,JA/Mex → JIUTEPEC,MR",4,"1852, 1886, 1931, 1955"
"SAN JUAN DEL RIO,QA → QUERETARO,QA",4,"1665, 1792, 2078, 2079"
"SAN JOSE ITURBIDE,GJ → GUADALAJARA,JA",4,"1741, 1793, 1806, 1846"
"TOLUCA,EM/Mex → VILLAHERMOSA,TA",4,"1701, 1738, 1746, 1826"
"TLAQUEPAQUE,JA → ESCOBEDO,NX",4,"1821, 1875, 1878, 1886"
"PUERTO VALLARTA,JA/ → JILOTEPEC,EM",4,"1825, 1878, 1931, 1947"
"TULTITLAN,EM → SAN JOSE DEL CABO,BS",4,"1760, 1856, 1894, 1901"
"TLAJOMULCO DE ZUNI,JA/Mex → VILLAHERMOSA,TA",4,"2051, 2053, 2061, 2077"
"TULTITLAN,EM → PACHUCA DE SOTO,HG/Mex",4,"1720, 1760, 1901, 1902"
"COACALCO,EM → VERACRUZ,VZ/Mex",4,"1762, 1797, 1850, 1858"
"APASEO EL GRANDE,GJ → NUEVO LAREDO,TM",4,"1785, 1805, 1846, 1890"
"TLAJOMULCO DE ZUNI,JA/Mex → LERMA,EM/MEX",4,"1810, 1849, 1879, 1909"
"TLAJOMULCO DE ZUNI,JA/Mex → PUEBLA,PU/Mex",4,"1877, 1931, 1934, 2053"
"TULTITLAN,EM → DEL. AZCAPOTZALCO,CDMX",4,"1762, 1793, 1850, 1858"
"APASEO EL ALTO,GJ → AGUASCALIENTES,AG/",4,"1805, 1853, 1903, 1975"
"TLAJOMULCO DE ZUNI,JA/Mex → GUADALAJARA,JA",4,"2057, 2070, 2077, 2084"
"TLAQUEPAQUE,JA/Mex → CIUDAD DE MEXICO,CDMX",4,"1855, 1881, 1888, 1909"
"ZAPOPAN,JA → TLAJOMULCO DE ZUNI,JA/Mex",4,"2041, 2044, 2051, 2062"
"TLAJOMULCO DE ZUNI,JA/Mex → SAN NICOLAS DE LOS,NX",4,"2044, 2053, 2056, 2085"
"TULTITLAN,EM → HUAJUAPAN,OA",4,"1711, 1741, 1850, 1854"
"TLAJOMULCO DE ZUNI,JA → TULA DE ALLENDE,HG",4,"1855, 1875, 1883, 1935"
"TLAQUEPAQUE,JA → MONTERREY,NX/",4,"1740, 1821, 1869, 1879"
"TULTITLAN,EM → IRAPUATO,GJ",4,"1741, 1762, 1854, 1896"
"CANCUN,MX/ → TLALNEPANTLA,EM/",4,"1799, 1801, 1822, 1882"
"APASEO EL ALTO,GJ → PUERTO ESCONDIDO,OA/MX",4,"1790, 1853, 1938, 2012"
"TEPOTZOTLAN,EM → VILLAHERMOSA,TA",4,"1701, 1705, 1758, 1761"
"TLAJOMULCO DE ZUNI,JA/Mex → UMAN,YC",4,"1727, 1788, 1904, 2041"
"CIUDAD JUAREZ,MX/ → APASEO EL ALTO,GJ",4,"1806, 1808, 1822, 1835"
"TEPOTZOTLAN,EM → CUAUTITLAN IZCALLI,EM",4,"2006, 2018, 2019, 2031"
"APASEO EL ALTO,GJ → OCOTLAN,JA",4,"1822, 1846, 1967, 1972"
"TECAMAC,EM → TULTITLAN,EM/Mex",4,"2058, 2066, 2069, 2072"
"COACALCO,EM → JILOTEPEC,EM",4,"1711, 1789, 1850, 1858"
"TAPACHULA,CH/ → TLALNEPANTLA,EM/",4,"1786, 1848, 1967, 1968"
"TLALNEPANTLA,EM → ACAPULCO DE JUAREZ,GR",4,"1951, 1985, 1992, 2006"
"APASEO EL ALTO,GJ → MONTERREY,NX/",4,"1790, 1848, 1971, 2012"
"OAXACA DE JUAREZ,OA/Mex → APASEO EL ALTO,GJ",4,"1799, 1801, 1806, 1975"
"COACALCO,EM → TUXTLA GUTIERREZ,CH/Mex",4,"1711, 1850, 1854, 1858"
"MONTERREY,NX → IZTACALCO,DF/",4,"1764, 1849, 1862, 1940"
"EL ESPINAL,OA/Mex → TLALNEPANTLA,EM/",4,"1786, 1790, 1853, 2012"
"EL MARQUES,QA → TEPOTZOTLAN,EM",4,"1688, 1731, 1757, 1795"
"CUERNAVACA,MR/ → APASEO EL ALTO,GJ",4,"1835, 1966, 1968, 1975"
"VILLAHERMOSA,TA → ORIZABA,VZ/",4,"1701, 1730, 1738, 1798"
"MONTERREY,NX/ → APASEO EL ALTO,GJ",4,"1790, 1848, 1971, 2012"
"EL MARQUES,QA → NUEVO LAREDO,TM",4,"1805, 1810, 1872, 1890"
"CUAUTITLAN IZCALLI,EM → EL SALTO,JA",4,"1954, 1956, 1981, 1993"
"CUAUTITLAN,EM → VILLAHERMOSA,TA",4,"1736, 1738, 1758, 1761"
"MONTERREY,NX → GUADALAJARA,JA",4,"1740, 1745, 1881, 1886"
"EL MARQUES,QA → EL MARQUES,QA",4,"1665, 1740, 1793, 2078"
"JILOTEPEC,EM → CIUDAD VICTORIA,TM/",4,"1875, 1881, 1934, 1955"
"VILLAHERMOSA,TA → SOYANIQUILPAN DE J,EM",4,"1729, 1730, 1746, 1816"
"MERIDA,YC → VILLAHERMOSA,TA",4,"1729, 1730, 1738, 1798"
"VILLAHERMOSA,TA → TAPACHULA,CH",4,"1682, 1722, 1763, 1816"
"CULIACAN,SI → GUADALUPE,NX",4,"1828, 1852, 1855, 1888"
"CUAUTITLAN IZCALLI,EM → CIUDAD DEL CARMEN,CP",4,"1950, 1956, 1991, 2027"
"TULTITLAN,EM → TIJUANA,BJ/",4,"1768, 1856, 1894, 1902"
"NUEVO LAREDO,TM → APASEO EL ALTO,GJ",4,"1785, 1938, 1966, 1968"
"CUAUTITLAN IZCALLI,EM/Mex → EL SALTO,JA",4,"1956, 1974, 1982, 2011"
"APASEO EL ALTO,GJ → CUAUTITLAN,EM/",3,"1969, 308, 309"
"APASEO EL ALTO,GJ → COLIMA,CL/",3,"1787, 1808, 1882"
"GUADALAJARA,JA → MONTERREY,NX",3,"1825, 1828, 1943"
"TECAMAC,EM → DELEG.AZCAPOTZALCO,CDMX",3,"2058, 2066, 2069"
"MONCLOVA,CU/ → TULTITLAN,EM",3,"1862, 1875, 1879"
"APASEO EL ALTO,GJ → MAZATLAN,MX/",3,"1801, 1806, 1968"
"APASEO EL ALTO,GJ → MATAMOROS,TM",3,"1801, 1804, 1895"
"CULIACAN,MX/ → APASEO EL ALTO,GJ",3,"1800, 1801, 1808"
"TAMPICO,TM/Mex → APASEO EL ALTO,GJ",3,"1786, 1848, 1882"
"CUAUTITLAN IZCALLI,EM → HERMOSILLO,SO",3,"2008, 2011, 2019"
"COACALCO,EM → NUEVO LAREDO,TM/",3,"1789, 1850, 1854"
"TULTITLAN,EM → MONTERREY,NX/",3,"1785, 1812, 1935"
"SOYANIQUILPAN DE J,EM → VILLAHERMOSA,TA",3,"1730, 1746, 1816"
"SOYANIQUILPAN DE J,EM → MERIDA,YC",3,"1701, 1729, 1746"
"APASEO EL ALTO,GJ → CULIACAN,MX/",3,"1800, 1801, 1808"
"GUADALAJARA,JA → TIJUANA,BJ",3,"2057, 2059, 2065"
"TLALNEPANTLA,EM/ → TULTEPEC,EM",3,"1822, 1968, 1970"
"MONTERREY,NX → PUEBLA,PU",3,"1852, 1872, 1908"
"APASEO EL ALTO,GJ → DURANGO,DG/Mex",3,"1786, 1895, 2012"
"COACALCO,EM → VILLAHERMOSA,TA/",3,"1797, 1850, 1896"
"SANTA CATARINA,NX → CUAUTITLAN IZCALLI,EM/Mex",3,"1881, 1890, 1948"
"CARMEN,NX → TLAQUEPAQUE,JA/Mex",3,"1821, 1875, 1881"
"TLAJOMULCO DE ZUNI,JA/Mex → VILLAHERMOSA,TA/",3,"1774, 2061, 2077"
"COACALCO,EM → CIUDAD JUAREZ,CI/MEX",3,"1762, 1797, 1896"
"TLAJOMULCO DE ZUNI,JA/Mex → CIUDAD DE MEXICO,CDMX",3,"1851, 1876, 1937"
"TUXTLA GUTIERREZ,CH → COMITAN DE DOMINGU,CH/Mex",3,"1714, 1725, 1791"
"TULTITLAN,EM → ISLA MUJERES,QR/Mex",3,"1857, 1894, 1901"
"APODACA,NX → TULTITLAN,EM",3,"1877, 1908, 1948"
"TLAJOMULCO DE ZUNI,JA → NUEVO LAREDO,TM/",3,"1859, 1883, 1955"
"TULTITLAN,EM → FELIPE CARRILLO PU,QR",3,"1894, 1901, 1902"
"TULTITLAN,EM → ENSENADA,BJ/",3,"1760, 1894, 1901"
"TLAJOMULCO DE ZUNI,JA/Mex → DELEG.AZCAPOTZALCO,CDMX",3,"1847, 1891, 1936"
"CUAUTITLAN IZCALLI,EM/Mex → PUEBLA,PU",3,"2070, 2088, 2104"
"TLAJOMULCO DE ZUNI,JA/Mex → HUEJOTZINGO,PU",3,"1879, 1932, 1947"
"TLAJOMULCO DE ZUNI,JA → COLON,QA",3,"1852, 1876, 1936"
"JILOTEPEC,EM → CUAUTITLAN,EM/",3,"1724, 1743, 1833"
"ATIZAPAN DE ZARAGO,EM → TUXTLA GUTIERREZ,CH/Mex",3,"1793, 1850, 1896"
"TIJUANA,BJ → APASEO EL ALTO,GJ",3,"1799, 1801, 1806"
"TULTITLAN,EM → LAZARO CARDENAS,MH/Mex",3,"1760, 1856, 1902"
"CAJEME,SO → APASEO EL ALTO,GJ",3,"1938, 1971, 1972"
"CUAUTITLAN,EM → VILLAHERMOSA,TA/",3,"2014, 2021, 2029"
"TEPOTZOTLAN,EM/ → TEPOTZOTLAN,EM/",3,"1889, 1980, 2104"
"MAZATLAN,MX/ → APASEO EL ALTO,GJ",3,"1801, 1806, 1968"
"APASEO EL ALTO,GJ → TIJUANA,BJ",3,"1799, 1801, 1806"
"TULTITLAN,EM → MAZATLAN,SI",3,"1856, 1901, 1902"
"CARMEN,NX → TLALNEPANTLA,EM",3,"1851, 1940, 2089"
"TULTITLAN,EM → SAN CRISTOBAL DE L,CH/",3,"1857, 1894, 1901"
"CUAUTITLAN IZCALLI,EM → SAN LUIS POTOSI,SL",3,"1950, 1979, 2010"
"MERIDA,MX/ → APASEO EL ALTO,GJ",3,"1804, 1938, 1967"
"TULTITLAN,EM → SAMALAYUCA,CI",3,"1768, 1856, 1894"
"CUAUTITLAN IZCALLI,EM/Mex → APODACA,NX",3,"1871, 1996, 1999"
"CORREGIDORA,QA → EL MARQUES,QA",3,"1740, 2078, 2079"
"TULTITLAN,EM → SATEVO,CI/Mex",3,"1894, 1901, 1902"
"TLAQUEPAQUE,JA → TLALNEPANTLA,EM",3,"1881, 1931, 1933"
"SAN JOSE ITURBIDE,GJ → EL SALTO,JA/Mex",3,"1789, 1797, 1806"
"CULIACAN,SI → MONTERREY,NX/",3,"1878, 1881, 1932"
"CORDOBA,VZ/ → TLALNEPANTLA,EM/",3,"1938, 1967, 1968"
"TLAQUEPAQUE,JA/Mex → CHALCO,EM/Mex",3,"1872, 1883, 1947"
"TLAQUEPAQUE,JA/Mex → LERMA,EM/MEX",3,"1828, 1888, 1936"
"PUEBLA,PU/Mex → APASEO EL ALTO,GJ",3,"1848, 1966, 1975"
"TONALA,JA/Mex → TLAJOMULCO DE ZUNI,JA/Mex",3,"2041, 2061, 2080"
"VILLA DE REYES,SL → QUERETARO,QA",3,"1665, 2078, 2079"
"CORDOBA,VZ/ → APASEO EL ALTO,GJ",3,"1786, 1808, 1895"
"TLAQUEPAQUE,JA/Mex → CUAUTITLAN IZCALLI,EM",3,"1873, 1877, 1943"
"QUERETARO,QA/MEX → CUAUTITLAN IZCALLI,EM/Mex",3,"1750, 1812, 1965"
"MONTERREY,NX → TOLUCA,EM",3,"1745, 1886, 1907"
"QUERETARO,QA → QUERETARO,QA/MEX",3,"1665, 1875, 2078"
"APASEO EL ALTO,GJ → CIUDAD JUAREZ,MX/",3,"1806, 1808, 1835"
"COLON,QA → QUERETARO,QA",3,"1740, 1793, 2078"
"PUERTO ESCONDIDO,OA/MX → TLALNEPANTLA,EM/",3,"1853, 1938, 2012"
"TULTITLAN,EM → TAPACHULA,CH",3,"1741, 1793, 1854"
"QUERETARO,QA → CORREGIDORA,QA",3,"1740, 2078, 2079"
"SAN JOSE ITURBIDE,GJ → TOLUCA,EM/",3,"1741, 1789, 1797"
"TLAQUEPAQUE,JA/Mex → ECATEPEC,EM",3,"1847, 1880, 1936"
"EL SALTO,JA → MONTERREY,NX",3,"1884, 1904, 1905"
"SAN LUIS POTOSI,SL → PUEBLA,PU",3,"1886, 2097, 2098"
"TLAQUEPAQUE,JA/Mex → TOLUCA,EM/",3,"1869, 1879, 1947"
"EL ESPINAL,OA/Mex → APASEO EL ALTO,GJ",3,"1835, 1972, 2115"
"TLAQUEPAQUE,JA/Mex → TEOLOYUCAN,EM/Mex",3,"1847, 1879, 1880"
"TLAQUEPAQUE,JA → IZTAPALAPA,DF/Mex",3,"1855, 1936, 1947"
"APASEO EL ALTO,GJ → CAJEME,SO",3,"1938, 1971, 1972"
"EL SALTO,JA → TEPOTZOTLAN,EM",3,"2059, 2061, 2071"
"TLAQUEPAQUE,JA → PUEBLA,PU",3,"1810, 1855, 1877"
"VILLA DE TEZONTEPE,HG → PUEBLA,PU",2,"2056, 2065"
"TULTITLAN,EM → CULIACAN,MX/",2,"1789, 1850"
"TLAQUEPAQUE,JA/Mex → EL MARQUES,QA/Mex",2,"1859, 1965"
"DELEG. ALVARO OBRE,DF/MEX → TLALNEPANTLA,EM",2,"1823, 2035"
"TLAJOMULCO DE ZUNI,JA/Mex → TALA,JA",2,"2062, 2085"
"TULTITLAN,EM → GRAL. ESCOBEDO,NX",2,"1785, 1812"
"HERMOSILLO,MX/ → APASEO EL ALTO,GJ",2,"1799, 1938"
"APASEO EL ALTO,GJ → TULTITLAN,EM",2,"308, 309"
"IXTAPALUCA,EM → TEPOTZOTLAN,EM",2,"1683, 1731"
"VILLAHERMOSA,TA → CUAUTITLAN,EM",2,"1736, 1738"
"TLAJOMULCO DE ZUNI,JA/Mex → APODACA,NX",2,"2061, 2084"
"TUXTLA GUTIERREZ,CH → CUAUTITLAN,EM",2,"1738, 1761"
"TLAQUEPAQUE,JA/Mex → IXMIQUILPAN,HG/",2,"1810, 1876"
"APODACA,NX → GUSTAVO A. MADERO,CDMX",2,"1870, 1932"
"ECATEPEC DE MORELO,EM → TULTITLAN,EM",2,"1856, 1902"
"JILOTEPEC,EM → CUAUTITLAN IZCALLI,EM/Mex",2,"1777, 2042"
"TLAQUEPAQUE,JA/Mex → SAN NICOLAS DE LOS,NX",2,"1888, 1907"
"EL MARQUES,QA → CORREGIDORA,QA",2,"1665, 2078"
"TLAQUEPAQUE,JA/Mex → TECAMAC,EM/Mex",2,"1810, 1847"
"APODACA,NX → CUAUTLANCINGO,PU/Mex",2,"1862, 1881"
"CUAUTITLAN IZCALLI,EM/Mex → TLAJOMULCO DE ZUNI,JA/Mex",2,"2044, 2065"
"ZAPOPAN,JA/ → CHALCO,EM/Mex",2,"1750, 1947"
"ZAPOPAN,JA/ → APODACA,NX",2,"1828, 1860"
"CUAUTITLAN IZCALLI,EM/Mex → CUAUTITLAN IZCALLI,EM/Mex",2,"1812, 2077"
"TLAQUEPAQUE,JA/Mex → TEMIXCO,MR/Mex",2,"1871, 1876"
"TLAQUEPAQUE,JA/Mex → MONTERREY,NX",2,"1881, 1891"
"TOLUCA,EM/Mex → APASEO EL ALTO,GJ",2,"1971, 2012"
"TLAJOMULCO DE ZUNI,JA/Mex → CUAUTITLAN,EM",2,"1849, 1878"
"TOLUCA,EM → VILLAHERMOSA,TA",2,"1705, 1738"
"TLAQUEPAQUE,JA/Mex → PUEBLA,PU",2,"1888, 1943"
"EL SALTO,JA → TLAJOMULCO DE ZUNI,JA",2,"2041, 2057"
"TLAJOMULCO DE ZUNI,JA/Mex → UMAN,YC/",2,"2041, 2061"
"TLAQUEPAQUE,JA/Mex → ECATEPEC DE MORELO,EM/",2,"1934, 1943"
"ZAPOPAN,JA/ → TENANGO DEL VALLE,EM/Mex",2,"1847, 1947"
"TULTITLAN,EM → CHIAPAS,CH",2,"1797, 1858"
"APASEO EL ALTO,GJ → HIDALGO,MH/Mex",2,"1782, 1966"
"APASEO EL ALTO,GJ → HERMOSILLO,MX/",2,"1799, 1938"
"TUXTLA GUTIERREZ,CH → TOLUCA,EM/Mex",2,"1715, 1826"
"TLALNEPANTLA,EM → TOLUCA,EM/Mex",2,"1705, 1738"
"TUXTLA GUTIERREZ,CH → CIUDAD HIDALGO,CH/",2,"1719, 1814"
"APASEO EL ALTO,GJ → ECATEPEC DE MORELO,EM/",2,"308, 309"
"EL SALTO,JA → CHALCO,EM/Mex",2,"1883, 1934"
"EL SALTO,JA → CUAUTITLAN IZCALLI,EM",2,"1947, 1996"
"TULTITLAN,EM → CANCUN,QR",2,"1856, 1902"
"TLAQUEPAQUE,JA → MONTERREY,NX",2,"1880, 1883"
"TLALNEPANTLA,EM → VILLAHERMOSA,TA",2,"1746, 1798"
"APASEO EL ALTO,GJ → DELICIAS,CI/Mex",2,"1853, 1971"
"TLAQUEPAQUE,JA → GUADALUPE,NX",2,"1847, 1955"
"EL SALTO,JA → TEHUACAN,PU/",2,"1876, 1880"
"TULTITLAN,EM → ACAPULCO DE JUAREZ,GR/Mex",2,"1768, 1902"
"TULTITLAN,EM → AGUASCALIENTES,AG",2,"1854, 1896"
"GUADALAJARA,JA → GUADALAJARA,JA",2,"1883, 2085"
"EL SALTO,JA → CHALCO,EM",2,"1881, 1888"
"EL MARQUES,QA → SAN JUAN DEL RIO,QA",2,"1665, 2079"
"TUXTLA GUTIERREZ,CH → TOLUCA,EM",2,"1746, 1818"
"TUXTLA GUTIERREZ,CH → SOYANIQUILPAN DE J,EM",2,"1701, 1746"
"TULTITLAN,EM → COZUMEL,QR",2,"1901, 1902"
"APASEO EL ALTO,GJ → PARACHO,MH/Mex",2,"1848, 1853"
"CUERNAVACA,MR → TEPOTZOTLAN,EM",2,"1731, 1767"
"GUADALAJARA,JA → TOLUCA,EM",2,"1828, 1875"
"APASEO EL ALTO,GJ → NOGALES,SO/Mex",2,"1972, 2137"
"TLAQUEPAQUE,JA/Mex → CUAUTLA,MR",2,"1774, 1934"
"TLAJOMULCO DE ZUNI,JA/Mex → ZAPOPAN,JA",2,"2044, 2074"
"EL MARQUES,QA → VILLA DE REYES,SL",2,"2078, 2079"
"ZAPOPAN,JA/ → IXTAPALUCA,EM",2,"1870, 1883"
"TLALNEPANTLA,EM → EL SALTO,JA",2,"1991, 2017"
"TLALNEPANTLA,EM → GUADALAJARA,JA",2,"1991, 2017"
"TULTITLAN,EM → CIENEGA DE FLORES,NX/",2,"1812, 1862"
"TLAQUEPAQUE,JA/Mex → CHALCO,EM",2,"1855, 1860"
"TLAQUEPAQUE,JA/Mex → ATIZAPAN DE ZARAGO,EM/Mex",2,"1825, 1943"
"TLALNEPANTLA,EM → LOS MOCHIS,SI",2,"2011, 2017"
"ZAPOPAN,JA/ → IZTAPALAPA,DF",2,"1886, 1955"
"CORREGIDORA,QA → VILLA DE REYES,SL",2,"1665, 2078"
"TULTITLAN,EM → HUIXTLA,CH",2,"1741, 1797"
"MONTERREY,NX → DELEG.AZCAPOTZALCO,CDMX",2,"1745, 1948"
"TULTITLAN,EM → HERMOSILLO,SO/",2,"1760, 1768"
"SAN LUIS POTOSI,SL → SAN LUIS POTOSI,SL",2,"2054, 2097"
"TULTITLAN,EM → TOLUCA,EM/Mex",2,"1760, 1768"
"SAN LUIS POTOSI,SL → TLALNEPANTLA,EM",2,"2094, 2097"
"SAN MATEO ATENCO,EM → SAN MATEO ATENCO,EM",2,"1920, 2099"
"COLIMA,CL/ → APASEO EL ALTO,GJ",2,"1787, 1882"
"COATZACOALCOS,VL/ → APASEO EL ALTO,GJ",2,"1800, 2012"
"MONTERREY,NX → PEDRO ESCOBEDO,QA",2,"1745, 1948"
"MONTERREY,NX → LERMA,EM/MEX",2,"1849, 1908"
"TULTITLAN,EM → TORREON,CU",2,"1768, 1856"
"TULTITLAN,EM → PLAYA DEL CARMEN,QR/",2,"1856, 1894"
"TULTITLAN,EM → PARAISO,TA",2,"1760, 1768"
"TULTITLAN,EM → OCAMPO,CI",2,"1760, 1901"
"TULTITLAN,EM → NUEVO LAREDO,TM",2,"1797, 1894"
"VILLAHERMOSA,TA → TUXTLA GUTIERREZ,CH/Mex",2,"1729, 1813"
"DURANGO,DG/Mex → APASEO EL ALTO,GJ",2,"1895, 2012"
"TALA,JA → HUEJOTZINGO,PU/Mex",2,"1869, 1880"
"TULTITLAN,EM → TUXTLA GUTIERREZ,CH",2,"1825, 1836"
"TALA,JA → VILLA DE TEZONTEPE,HG",2,"1937, 2091"
"TULTITLAN,EM → URUAPAN,MH",2,"1765, 1896"
"VILLAHERMOSA,TA → TOLUCA,EM",2,"1705, 1738"
"MONTERREY,NX → ATENCO,EM",2,"1871, 1934"
"VILLAHERMOSA,TA → TOLUCA,EM/Mex",2,"1738, 1746"
"COACALCO,EM → IRAPUATO,GJ",2,"1741, 1854"
"COACALCO,EM → DURANGO,DG",2,"1793, 1896"
"MEXICO D.F.,DF/MX → TEPOTZOTLAN,EM",2,"1683, 1866"
"TECAMAC,EM → TEPOTZOTLAN,EM",2,"1767, 1768"
"SAN LUIS POTOSI,MX/ → APASEO EL ALTO,GJ",2,"1806, DC01"
"SAN JUAN DEL RIO,QA → VILLA DE REYES,SL",2,"2078, 2079"
"MONTERREY,NX → TEOLOYUCAN,EM/Mex",2,"1745, 1908"
"SAN JUAN DEL RIO,QA → EL MARQUES,QA",2,"1793, 2078"
"NUEVO LAREDO,TM/ → TULTITLAN,EM",2,"1883, 1887"
"NUEVO LAREDO,TM → TULTITLAN,EM",2,"1779, 1947"
"NUEVO LAREDO,TM → JILOTEPEC,EM",2,"1852, 1877"
"NUEVO LAREDO,TM → CUAUTITLAN IZCALLI,EM/Mex",2,"1785, 1890"
"ORIZABA,VZ/ → MERIDA,YC",2,"1738, 1798"
"PARACHO,MH/Mex → APASEO EL ALTO,GJ",2,"1848, 1853"
"PESQUERIA,NX → APODACA,NX",2,"1764, DC08"
"PESQUERIA,NX → MONTERREY,NX",2,"1764, DC08"
"PESQUERIA,NX → PESQUERIA,NX",2,"1764, DC08"
"CUAUTITLAN IZCALLI,EM → COLON,QA",2,"1926, 1927"
"POZA RICA DE HIDAL,VZ/Mex → APASEO EL ALTO,GJ",2,"1790, 1975"
"CORREGIDORA,QA → CORREGIDORA,QA",2,"1665, 2079"
"PUERTO ESCONDIDO,OA/MX → APASEO EL ALTO,GJ",2,"1790, 1853"
"COLON,QA → VILLA DE REYES,SL",2,"2078, 2079"
"CUAUTITLAN IZCALLI,EM → CUAUTLANCINGO,PU",2,"1928, 2088"
"COLON,QA → QUERETARO,QA/MEX",2,"1665, 2079"
"MONTERREY,NX → TULTITLAN,EM",2,"1745, 1862"
"SALTILLO,CU/MX → ZAPOPAN,JA/",2,"1869, 1875"
"TULTITLAN,EM → SILAO,GJ",2,"1789, 1858"
"SAN JOSE ITURBIDE,GJ → ALVARO OBREGON,MH",2,"1797, 1806"
"SAN JOSE ITURBIDE,GJ → CORTAZAR,GJ",2,"1741, 1806"
"MONTERREY,NX → TLALNEPANTLA,EM",2,"1872, 1907"
"SAN JOSE ITURBIDE,GJ → LEON,GJ",2,"1846, 1975"
"SAN JOSE ITURBIDE,GJ → ZAPOPAN,JA",2,"1789, 1806"
"TULTITLAN,EM → SAN QUINTIN,BJ/",2,"1894, 1901"
"COACALCO,EM → CULIACAN,SI/",2,"1765, 1854"
"DELICIAS,CI/Mex → APASEO EL ALTO,GJ",2,"1853, 1971"
"ZAPOPAN,JA → MONTERREY,NX",2,"1870, 1965"
"TULTITLAN,EM → TEXCOCO,EM",2,"1858, 2075"
"VILLAHERMOSA,TA → MERIDA,YC",2,"1701, 1730"
"TULTITLAN,EM → LOS CABOS,BS",2,"1768, 1894"
"CANCUN,MX/ → APASEO EL ALTO,GJ",2,"1882, 1973"
"MATAMOROS,TM → APASEO EL ALTO,GJ",2,"1801, 1804"
"MAZATLAN,SI/ → CUAUTITLAN,EM",2,"1847, 1859"
"CUAUTITLAN IZCALLI,EM → TETLA DE LA SOLIDA,TL",2,"1912, 2088"
"TULTITLAN,EM → IZTAPALAPA,CDMX",2,"1741, 1793"
"CUAUTITLAN IZCALLI,EM → TECAMAC,EM",2,"1767, 2066"
"APODACA,NX/Mex → JILOTEPEC,EM",2,"1886, 1908"
"TULTITLAN,EM → MACUSPANA,TA/",2,"1901, 1902"
"LAREDO,TX/ → MAZATLAN,SI/",2,"1821, 1886"
"TLAJOMULCO DE ZUNI,JA → DELEG.AZCAPOTZALCO,CDMX",2,"1947, 2051"
"LAREDO,TX/ → CUAUTITLAN,EM",2,"1909, 1948"
"COACALCO,EM → CARMEN,NX",2,"1812, 1825"
"TLAJOMULCO DE ZUNI,JA → ATITALAQUIA,HG/Mex",2,"1829, 1878"
"TLAJOMULCO DE ZUNI,JA → AGUASCALIENTES,AG/",2,"1794, 1796"
"TLAJOMULCO DE ZUNI,JA → APODACA,NX",2,"1874, 1879"
"TULTITLAN,EM → VERACRUZ,VZ",2,"1741, 1797"
"CUAUTITLAN IZCALLI,EM → MINERAL DE LA REFO,HG",2,"1922, 1978"
"TULTITLAN,EM/Mex → VILLAHERMOSA,TA",2,"1761, 1819"
"TULTITLAN,EM → HUIXQUILUCAN,EM/Mex",2,"1856, 1901"
"TLAJOMULCO DE ZUNI,JA → TOLUCA,EM/",2,"1851, 1886"
"CUAUTITLAN IZCALLI,EM → VILLAHERMOSA,TA/",2,"1995, 2005"
"CUAUTITLAN IZCALLI,EM → SALINA CRUZ,OA",2,"2014, 2016"
"CIUDAD SAHAGUN,HG → NUEVO LAREDO,TM",2,"1792, 1846"
"VILLAHERMOSA,TA → TEPOTZOTLAN,EM/",1,1738
"TULTITLAN,EM → EL MARQUES,QA/Mex",1,1902
"TULTITLAN,EM → SOLEDAD DE GRACIAN,SL",1,1902
"TULTITLAN,EM → SILAO,GJ/Mex",1,1901
"ZAPOPAN,JA → TLALNEPANTLA,EM/",1,1884
"TULTEPEC,EM → CARMEN,NX",1,1948
"TULTITLAN,EM → TLALNEPANTLA,EM/",1,1724
"TULTITLAN,EM → EL ROSARIO,SI",1,1902
"TULA DE ALLENDE,HG/ → APASEO EL ALTO,GJ",1,1786
"VILLAHERMOSA,TA → CHALCO,EM",1,1738
"VILLA DE REYES,SL/ → TULTITLAN,EM",1,DC04
"TORREON,CU/Mex → SAN LUIS POTOSI,MX/",1,DC08
"TULTITLAN,EM → IXTAPALUCA,EM",1,1765
"TUXTLA GUTIERREZ,CH → CHALCO,EM",1,1738
"TOLUCA,EM → TOLUCA,EM",1,2057
"TULTITLAN,EM → GUADALAJARA,JA",1,1812
"TOLUCA,EM → ZIHUATANEJO,GR",1,2074
"TULTITLAN,EM → TEPOTZOTLAN,EM/",1,1896
"TOLUCA,EM/Mex → CUERNAVACA,MR/",1,1782
"TOLUCA,EM/Mex → HIDALGO,MH/Mex",1,1848
"TOLUCA,EM/Mex → MERIDA,YC",1,1738
"TULTITLAN,EM → GOMEZ PALACIO,DG",1,1789
"TONALA,JA/Mex → TOLUCA,EM",1,2071
"TULTITLAN,EM/Mex → EL SALTO,JA",1,1812
"VILLAHERMOSA,TA → TAPACHULA,CH/",1,1763
"VILLAHERMOSA,MX/ → XALAPA,VZ/Mex",1,1834
"TULTITLAN,EM → TEPEJI DEL RIO,HG/Mex",1,1854
"TULTITLAN,EM → TEPEJI DEL RIO,HG",1,1768
"TULTITLAN,EM → TENOSIQUE,TA",1,1896
"TULTITLAN,EM → TECAMAC,EM/Mex",1,1856
"TULTITLAN,EM → TEAPA,TA/",1,1856
"ZAPOPAN,JA → MONTERREY,NX/",1,1877
"ZAPOPAN,JA → DEL. AZCAPOTZALCO,CDMX",1,1955
"TULTEPEC,EM → LEON,GJ",1,1988
"TULTITLAN,EM → SAN MARTIN DE LAS,EM/Mex",1,1896
"TULTITLAN,EM → CAMPECHE,CP/",1,1856
"TULTITLAN,EM → CUAUTLANCINGO,PU/Mex",1,1850
"TUXTLA GUTIERREZ,CH → PUEBLA,PU/Mex",1,1715
"TULTITLAN,EM → CUAUTITLAN,EM",1,1797
"TULTITLAN,EM → MATEHUALA,SL/",1,1901
"VILLA DE TEZONTEPE,HG → OMETEPEC,GR",1,2060
"XALAPA,VZ/Mex → APASEO EL ALTO,GJ",1,1848
"ZAPOPAN,JA/ → SAN NICOLAS DE LOS,NX/Mex",1,1933
"ZAPOPAN,JA/ → JILOTEPEC,EM",1,1870
"TULTITLAN,EM → VILLAHERMOSA,MX/",1,1896
"VILLAHERMOSA,TA → SAN CRISTOBAL DE L,CH",1,1811
"TULTITLAN,EM → CORDOBA,VZ/",1,1902
"VILLAHERMOSA,TA → PALENQUE,CH",1,1728
"TUXTLA GUTIERREZ,CH → TAPACHULA,CH/",1,1816
"TULTITLAN,EM → MEXICALI,BJ/",1,1894
"TULTITLAN,EM → CIUDAD JUAREZ,CI",1,1797
"TULTITLAN,EM → COLIMA,CL",1,2075
"TUXTLA GUTIERREZ,CH → TLALNEPANTLA,EM",1,1746
"TULTITLAN,EM → CIUDAD VICTORIA,TM/",1,1862
"TUXTLA GUTIERREZ,CH → TULTITLAN,EM/Mex",1,1819
"TULTITLAN,EM → APODACA,NX",1,1877
"TULTITLAN,EM → APASEO EL ALTO,GJ",1,308
"TUXTLA GUTIERREZ,CH → CUAUTITLAN IZCALLI,EM/Mex",1,1736
"ZAPOPAN,JA → HUAMANTLA,TL",1,1869
"TUXTLA GUTIERREZ,CH → CUAUTITLAN IZCALLI,EM",1,1730
"TULTITLAN,EM → SAN LUIS POTOSI,SL/",1,1768
"TUXTLA GUTIERREZ,CH/Mex → APASEO EL ALTO,GJ",1,1848
"TULTITLAN,EM → SAN JUAN DE LOS LA,JA/",1,1760
"TOLUCA,EM → MERIDA,YC",1,1738
"TULTEPEC,EM → SAN LUIS POTOSI,SL",1,1957
"TULTEPEC,EM → TLAJOMULCO DE ZUNI,JA/Mex",1,1812
"ZAPOPAN,JA → APODACA,NX/Mex",1,1869
"VILLA DE REYES,SL → SAN JUAN DEL RIO,QA",1,2079
"TULTITLAN,EM → MACUSPANA,TA",1,1894
"TULTITLAN,EM → TONALA,CH",1,1894
"TULTITLAN,EM → SALTILLO,CU/",1,1894
"TULTITLAN,EM → SALTILLO,CU",1,1850
"VILLAGRAN,GJ → LAREDO,TX",1,1779
"TULTITLAN,EM → QUERETARO,QA/MEX",1,1856
"VILLAHERMOSA,TA → TLAHUAPAN,PU",1,1738
"TUXTLA GUTIERREZ,CH → UNKNOWN/",1,1715
"TULTITLAN,EM → GUADALUPE,NX/Mex",1,2075
"ACAPULCO DE JUAREZ,GR/Mex → APASEO EL ALTO,GJ",1,2012
"TLAQUEPAQUE,JA/Mex → UNKNOWN,NX",1,1774
"LAREDO,TX/ → CUAUTITLAN IZCALLI,EM/Mex",1,1862
"LAREDO,TX → CHALCO,EM",1,1869
"LA PAZ,BS/ → APASEO EL ALTO,GJ",1,1784
"JUAREZ,CH → APASEO EL ALTO,GJ",1,1790
"JILOTEPEC,EM → CUAUTITLAN IZCALLI,EM",1,1892
"JILOTEPEC,EM → CANCUN,QR/",1,1898
"IXTLAHUACAN DE LOS,JA → TLAJOMULCO DE ZUNI,JA/Mex",1,2056
"HUEHUETOCA,EM → PUEBLA,PU/Mex",1,1858
"HIDALGO,MH/Mex → TOLUCA,EM/Mex",1,1782
"HIDALGO,MH/Mex → APASEO EL ALTO,GJ",1,1966
"GUADALUPE VICTORIA,PU → TEPOTZOTLAN,EM",1,1757
"GUADALAJARA,JA/ → TLALNEPANTLA,EM",1,1876
"GUADALAJARA,JA/ → TEHUACAN,PU",1,1965
"GUADALAJARA,JA/ → CUAUTITLAN,EM/",1,1828
"GUADALAJARA,JA → TEPOTZOTLAN,EM",1,1879
"GUADALAJARA,JA → HUEHUETOCA,EM",1,1883
"GUADALAJARA,JA → DELEG.AZCAPOTZALCO,DF/",1,1936
"GRAL. ESCOBEDO,NX → TLAJOMULCO DE ZUNI,JA/Mex",1,2062
"GRAL. ESCOBEDO,NX → CHIHUAHUA,CI/",1,2044
"EL SALTO,JA → TULTITLAN,EM",1,1873
"EL SALTO,JA → TOLUCA,EM",1,2056
"EL SALTO,JA → TLALNEPANTLA,EM/",1,1878
"EL SALTO,JA → TLALNEPANTLA,EM",1,1932
"EL SALTO,JA → MONTERREY,NX/",1,1828
"EL SALTO,JA → CUAUTITLAN,EM/",1,1869
"EL SALTO,JA → CUAUTITLAN,EM",1,1944
"LAREDO,TX/ → APASEO EL GRANDE,GJ",1,1872
"LAREDO,TX/ → GRAL. ESCOBEDO,NX/Mex",1,1872
"EL MARQUES,QA → EL MARQUES,QA/Mex",1,2079
"LAREDO,TX/ → TEPOTZOTLAN,EM/",1,1886
"PUEBLA,PU → CUAUTLANCINGO,PU",1,1912
"PORCONFIRMAR,NF/MX → IRAPUATO,GJ",1,1762
"PALIN,GT → APASEO EL ALTO,GJ",1,1937
"NUEVO LAREDO,TM/ → TLAJOMULCO DE ZUNI,JA/Mex",1,1859
"NOGALES,SO/Mex → APASEO EL ALTO,GJ",1,1972
"NAUCALPAN DE JUARE,EM/Mex → MERIDA,YC",1,1761
"NAUCALPAN DE JUARE,EM/Mex → APASEO EL ALTO,GJ",1,1822
"MONTERREY,NX → TULTITLAN,EM/Mex",1,1908
"MONTERREY,NX → TEXCOCO,EM",1,1862
"MONTERREY,NX → SAN MARTIN TEXMELU,PU",1,1872
"MONTERREY,NX → QUERETARO,QA/",1,1862
"MONTERREY,NX → QUERETARO,MX/",1,1764
"MONTERREY,NX → LERMA,EM",1,1948
"MONTERREY,NX → LA PAZ,EM",1,1908
"MONTERREY,NX → GUADALUPE,NX/Mex",1,2070
"MONTERREY,NX → CUAUHTEMOC,DF/Mex",1,1878
"MONTERREY,NX → CIUDAD DE MEXICO,CDMX",1,1745
"MONTERREY,NX → AXAPUSCO,EM",1,1877
"MONTERREY,NX → ATLACOMULCO,EM",1,1908
"MERIDA,YC → MERIDA,YC",1,1816
"MERIDA,MX/ → VERACRUZ,VZ/Mex",1,1971
"MEDELLIN,VZ → TLALNEPANTLA,EM",1,2014
"MEDELLIN,VZ → CUAUTITLAN IZCALLI,EM",1,2016
"MAZATLAN,SI/ → CUAUTITLAN,EM/",1,1859
"MAZATLAN,SI/ → APASEO EL ALTO,GJ",1,1968
"EL MARQUES,QA/Mex → TULTITLAN,EM",1,1901
"DELEG.AZCAPOTZALCO,DF → CUAUTITLAN IZCALLI,EM",1,1768
"PUEBLA,PU → SAN LUIS POTOSI,SL",1,2094
"COACALCO,EM → GOMEZ PALACIO,DG/",1,1858
"COACALCO,EM → CHIHUAHUA,CI",1,1850
"COACALCO,EM → AGUASCALIENTES,AG",1,1762
"CIUDAD VICTORIA,TM/ → APASEO EL ALTO,GJ",1,1882
"CHIMALHUACAN,EM → TEPOTZOTLAN,EM",1,1688
"CHALCO,EM → VILLAHERMOSA,TA",1,1738
"CANCUN,MX/ → MERIDA,MX/",1,1971
"ATIZAPAN DE ZARAGO,EM/Mex → TEPOTZOTLAN,EM",1,1683
"ATIZAPAN DE ZARAGO,EM → TUXTLA GUTIERREZ,CH",1,1881
"ATIZAPAN DE ZARAGO,EM → MEXICO D.F.,DF",1,1793
"ATIZAPAN DE ZARAGO,EM → MERIDA,YC",1,2092
"ATIZAPAN DE ZARAGO,EM → CIUDAD JUAREZ,CI",1,1741
"APODACA,NX/Mex → GUADALAJARA,JA",1,1862
"APODACA,NX → PESQUERIA,NX",1,1764
"APODACA,NX → HUEJOTZINGO,PU",1,1891
"APASEO EL ALTO,GJ → VILLAHERMOSA,TA",1,1890
"APASEO EL ALTO,GJ → SAN LUIS POTOSI,MX/",1,1806
"APASEO EL ALTO,GJ → PORCONFIRMAR,NF/MX",1,TT01
"APASEO EL ALTO,GJ → MEXICALI,MX/",1,1971
"APASEO EL ALTO,GJ → MASAGUA,GT",1,1846
"APASEO EL ALTO,GJ → MAGDALENA MILPAS A,GT",1,1891
"APASEO EL ALTO,GJ → LEON,GJ",1,309
"APASEO EL ALTO,GJ → JIUTEPEC,MR",1,1848
"APASEO EL ALTO,GJ → CUAUTITLAN,EM",1,308
"APASEO EL ALTO,GJ → CIUDAD VICTORIA,TM/",1,1882
"APASEO EL ALTO,GJ → APASEO EL ALTO,GJ/Mex",1,1787
"COACALCO,EM → CUAUTITLAN,EM",1,1858
"COACALCO,EM → IZTAPALAPA,DF",1,1896
"CUNDUACAN,TA → MERIDA,YC",1,1715
"COACALCO,EM → MONTERREY,NX/",1,1854
"CULIACAN,SI/ → JILOTEPEC,EM",1,1947
"CUERNAVACA,MR/ → TOLUCA,EM/Mex",1,1848
"CUERNAVACA,MR/ → ACAPULCO DE JUAREZ,GR/Mex",1,1782
"CUAUTITLAN,EM/ → TLAQUEPAQUE,JA",1,1766
"CUAUTITLAN,EM/ → EL SALTO,JA",1,2014
"CUAUTITLAN,EM/ → CUAUTITLAN,EM/",1,1853
"CUAUTITLAN,EM/ → APODACA,NX",1,1886
"CUAUTITLAN,EM → PUEBLA,PU",1,1963
"CUAUTITLAN,EM → CIUDAD DEL CARMEN,CP",1,2020
"CUAUTITLAN IZCALLI,EM/Mex → UNKNOWN/",1,1956
"CUAUTITLAN IZCALLI,EM/Mex → GUADALUPE,NX/Mex",1,1849
"CUAUTITLAN IZCALLI,EM/Mex → GUADALAJARA,JA",1,2063
"CUAUTITLAN IZCALLI,EM/Mex → APODACA,NX/Mex",1,1883
"CUAUTITLAN IZCALLI,EM → UNKNOWN/",1,1905
"CUAUTITLAN IZCALLI,EM → TUXTLA GUTIERREZ,CH/Mex",1,1765
"CUAUTITLAN IZCALLI,EM → SOLIDARIDAD,QR",1,2002
"CUAUTITLAN IZCALLI,EM → MACUSPANA,TA/",1,1919
"CUAUTITLAN IZCALLI,EM → LOS MOCHIS,SI",1,2007
"CUAUTITLAN IZCALLI,EM → LEON,GJ",1,1944
"CUAUTITLAN IZCALLI,EM → ESCARCEGA,CP",1,1997
"CUAUTITLAN IZCALLI,EM → CUAUTITLAN IZCALLI,EM/Mex",1,1961
"CUAUTITLAN IZCALLI,EM → CIUDAD JUAREZ,CI/MEX",1,1850
"COLON,QA → EL MARQUES,QA/Mex",1,2079
"COLIMA,CL → APASEO EL ALTO,GJ",1,1808
"COACALCO,EM → PUEBLA,PU",1,1793
"PUEBLA,PU → PUEBLA,PU",1,1923
"PUEBLA,PU → TLALNEPANTLA,EM",1,1923
"TLAQUEPAQUE,JA/Mex → TULTITLAN,EM",1,1877
"TLALNEPANTLA,EM → SOLIDARIDAD,QR",1,2001
"TLALNEPANTLA,EM → MAZATLAN,SI",1,2016
"TLALNEPANTLA,EM → HERMOSILLO,SO",1,2017
"TLALNEPANTLA,EM → CUAUTITLAN,EM/",1,1788
"TLALNEPANTLA,EM → COATZACOALCOS,VZ",1,1999
"TLALNEPANTLA,EM → AMATLAN DE LOS REY,VZ",1,2016
"TLAJOMULCO DE ZUNI,JA/Mex → VERACRUZ,VZ/Mex",1,2039
"TLAJOMULCO DE ZUNI,JA/Mex → VERACRUZ,VZ",1,2071
"TLAJOMULCO DE ZUNI,JA/Mex → TUXTEPEC,OA",1,2041
"TLAJOMULCO DE ZUNI,JA/Mex → TLAQUEPAQUE,JA/Mex",1,2077
"TLAJOMULCO DE ZUNI,JA/Mex → TLALNEPANTLA,EM/",1,1855
"TLAJOMULCO DE ZUNI,JA/Mex → TLALNEPANTLA,EM",1,1934
"TLAJOMULCO DE ZUNI,JA/Mex → TIJUANA,BJ",1,2077
"TLAJOMULCO DE ZUNI,JA/Mex → TEXCOCO,EM",1,1909
"TLAJOMULCO DE ZUNI,JA/Mex → TEOLOYUCAN,EM/Mex",1,1877
"TLAJOMULCO DE ZUNI,JA/Mex → TEOLOYUCAN,EM",1,1907
"TLAJOMULCO DE ZUNI,JA/Mex → TAMAZUNCHALE,SL",1,2060
"TLAJOMULCO DE ZUNI,JA/Mex → QUERETARO,QA/MEX",1,2085
"TLAJOMULCO DE ZUNI,JA/Mex → QUERETARO,QA",1,1847
"TLAJOMULCO DE ZUNI,JA/Mex → MERIDA,YC/",1,1942
"TLAJOMULCO DE ZUNI,JA/Mex → LOS CABOS,BS/Mex",1,1886
"TLAJOMULCO DE ZUNI,JA/Mex → GUADALUPE,ZT",1,2074
"TLAJOMULCO DE ZUNI,JA/Mex → ESCOBEDO,NX",1,1869
"TLAJOMULCO DE ZUNI,JA/Mex → ECATEPEC DE MORELO,EM",1,2056
"TLAJOMULCO DE ZUNI,JA/Mex → CULIACAN,SI/",1,2084
"TLAJOMULCO DE ZUNI,JA/Mex → CULIACAN,SI",1,1906
"TLALNEPANTLA,EM → MINERAL DE LA REFO,HG",1,1922
"TLALNEPANTLA,EM → TOLUCA,EM",1,1738
"TLAJOMULCO DE ZUNI,JA/Mex → CORTAZAR,GJ/MEX",1,2051
"TLALNEPANTLA,EM → TULTITLAN,EM/Mex",1,1738
"TLAQUEPAQUE,JA/Mex → TOLUCA,EM",1,1931
"TLAQUEPAQUE,JA/Mex → TEPOTZOTLAN,EM/",1,1947
"TLAQUEPAQUE,JA/Mex → TEPOTZOTLAN,EM",1,1869
"TLAQUEPAQUE,JA/Mex → TEPEJI DEL RIO,HG",1,1977
"TLAQUEPAQUE,JA/Mex → TEOLOYUCAN,EM",1,1875
"TLAQUEPAQUE,JA/Mex → TENANCINGO,EM",1,1883
"TLAQUEPAQUE,JA/Mex → PUEBLA,PU/Mex",1,1873
"TLAQUEPAQUE,JA/Mex → PACHUCA DE SOTO,HG",1,1860
"TLAQUEPAQUE,JA/Mex → JIUTEPEC,MR/",1,1878
"TLAQUEPAQUE,JA/Mex → IZTAPALAPA,CDMX",1,1855
"TLAQUEPAQUE,JA/Mex → IXTLAHUACA,EM",1,1821
"TLAQUEPAQUE,JA/Mex → ECATEPEC,EM/",1,1852
"TLAQUEPAQUE,JA/Mex → DELEG.AZCAPOTZALCO,CDMX",1,1932
"TLAQUEPAQUE,JA → TULTITLAN,EM/Mex",1,1852
"TLAQUEPAQUE,JA → TECAMAC,EM/Mex",1,1965
"TLAQUEPAQUE,JA → NAUCALPAN DEJUAREZ,EM",1,1909
"TLAQUEPAQUE,JA → DELEG.AZCAPOTZALCO,CDMX",1,1821
"TLAQUEPAQUE,JA → DEL. AZCAPOTZALCO,CDMX",1,1876
"TLAQUEPAQUE,JA → CUAUTITLAN,EM",1,1934
"TLAQUEPAQUE,JA → COLIMA,CL/",1,1829
"TLALPAN,DF → CUAUTITLAN IZCALLI,EM",1,1768
"TLALNEPANTLA,EM/ → NUEVO LAREDO,TM",1,1934
"TLALNEPANTLA,EM/ → JUAREZ,CH",1,1790
"TLALNEPANTLA,EM → VILLAHERMOSA,TA/",1,1818
"TLALNEPANTLA,EM → TUXTLA GUTIERREZ,CH",1,1953
"TLAJOMULCO DE ZUNI,JA/Mex → CUAUTLANCINGO,PU",1,1955
"TLAJOMULCO DE ZUNI,JA/Mex → CORONANGO,PU",1,2063
"PUEBLA,PU/Mex → CUAUTITLAN IZCALLI,EM",1,2093
"SANTA ROSA JAUREGU,QA → CORREGIDORA,QA",1,2078
"SANTA CATARINA,NX/ → GUADALAJARA,JA",1,2059
"SANTA CATARINA,NX/ → CUAUTITLAN IZCALLI,EM/Mex",1,1940
"SAN PEDRO GARZA GA,NX/Mex → SANTA CATARINA,NX",1,1932
"SAN NICOLAS DE LOS,NX/Mex → TLAJOMULCO DE ZUNI,JA",1,1869
"SAN NICOLAS DE LOS,NX/Mex → CUAUTITLAN,EM/",1,1821
"SAN NICOLAS DE LOS,NX → SAN LUIS POTOSI,SL/",1,2054
"SAN NICOLAS DE LOS,NX → QUERETARO,QA/MEX",1,1948
"SAN NICOLAS DE LOS,NX → GUADALAJARA,JA/",1,1886
"SAN MIGUEL XOXTLA,PU → TEPOTZOTLAN,EM",1,1780
"SAN LUIS POTOSI,SL/ → MONTERREY,NX/",1,1790
"SAN LUIS POTOSI,SL → TLAQUEPAQUE,JA",1,2097
"SAN JUAN DEL RIO,QA/Mex → QUERETARO,QA",1,2078
"SAN JUAN DEL RIO,QA/Mex → LAREDO,TX",1,1975
"SAN JUAN DEL RIO,QA → SAN JUAN DEL RIO,QA",1,2078
"SAN JUAN DEL RIO,QA → CORREGIDORA,QA",1,2079
"SAN JOSE ITURBIDE,GJ → ZITACUARO,MH",1,1789
"SAN JOSE ITURBIDE,GJ → URUAPAN,MH/",1,1797
"SAN CRISTOBAL DE L,CH → SAN CRISTOBAL DE L,CH",1,1811
"SALTILLO,CU/MX → ZAPOPAN,JA",1,1825
"SALTILLO,CU/MX → CUAUTITLAN IZCALLI,EM/Mex",1,1948
"QUERETARO,QA/MEX → VILLA DE REYES,SL",1,2079
"QUERETARO,QA → LAREDO,TX",1,1870
"QUERETARO,QA → COLON,QA",1,2079
"PUEBLA,PU/Mex → VILLAHERMOSA,TA",1,1715
"PUEBLA,PU/Mex → TEPOTZOTLAN,EM",1,1704
"SANTA CATARINA,NX/ → TLAJOMULCO DE ZUNI,JA/Mex",1,2084
"SILAO,GJ → LAREDO,TX",1,1890
"TLAJOMULCO DE ZUNI,JA/Mex → APODACA,NX/Mex",1,1727
"ACAPULCO DE JUAREZ,GR/Mex → CUERNAVACA,MR/",1,1848
"TLAJOMULCO DE ZUNI,JA/Mex → ALVARO OBREGON,MH",1,2060
"TLAJOMULCO DE ZUNI,JA → ZAPOPAN,JA",1,1794
"TLAJOMULCO DE ZUNI,JA → VILLA DE TEZONTEPE,HG",1,2060
"TLAJOMULCO DE ZUNI,JA → TLALNEPANTLA,EM",1,1874
"TLAJOMULCO DE ZUNI,JA → TLAJOMULCO DE ZUNI,JA/Mex",1,2041
"TLAJOMULCO DE ZUNI,JA → TEPOTZOTLAN,EM",1,1886
"TLAJOMULCO DE ZUNI,JA → SANTA CATARINA,NX/",1,2060
"TLAJOMULCO DE ZUNI,JA → MONTERREY,NX",1,2084
"TLAJOMULCO DE ZUNI,JA → ECATEPEC,EM/",1,2063
"TLAJOMULCO DE ZUNI,JA → ALLENDE,NX",1,1936
"TIZAYUCA,HG → TULTITLAN,EM",1,1894
"TEXAS CITY,TX → APODACA,NX/Mex",1,1745
"TEPOTZOTLAN,EM/ → VILLAHERMOSA,TA",1,1738
"TEPOTZOTLAN,EM/ → TEPOTZOTLAN,EM",1,1795
"TEPOTZOTLAN,EM/ → COATZACOALCOS,VZ",1,1989
"TEPOTZOTLAN,EM → VILLAHERMOSA,TA/",1,2005
"TEPOTZOTLAN,EM → TLAJOMULCO DE ZUNI,JA/Mex",1,2080
"TEPOTZOTLAN,EM → TEPATITLAN,JA",1,1951
"TEPOTZOTLAN,EM → IZTAPALAPA,CDMX",1,2038
"TEPIC,NA/ → CUAUTITLAN IZCALLI,EM",1,1955
"TECAMAC,EM → IZTAPALAPA,DF/Mex",1,1762
"TAMPICO,TM/Mex → ALTAMIRA,TM/",1,1785
"TALA,JA → TLAJOMULCO DE ZUNI,JA/Mex",1,2085
"TALA,JA → PUEBLA,PU",1,2060
"TALA,JA → MONTERREY,NX",1,2056
"ZUMPANGO,EM/Mex → TEPOTZOTLAN,EM",1,1689
